Category,Subcategory,Bond_Type_Name,Issuing_Authority_Entity,Target_Investors,Typical_Tenor_Maturity,Coupon_Structure,Taxation_Treatment,Primary_Database_Source,Description_And_Features
Government Securities,Central Government,Dated Government Securities (G-Secs),Government of India (via RBI),Institutional (Banks, PFs, Mutual Funds, FPIs) & Retail,5 to 40 Years,Fixed semi-annual coupon,Taxable as per slab; no TDS on sovereign debt,RBI DBIE / RBI Retail Direct / NDS-OM,Standard fixed-rate long-term debt instruments issued by the Union Government to fund fiscal deficit.
Government Securities,Central Government,Treasury Bills (T-Bills),Government of India (via RBI),Banks, Financial Institutions, Corporates, Retail,91-day / 182-day / 364-day,Zero-coupon (issued at discount, redeemed at par),Short-term capital gains taxable as per income slab,RBI DBIE / NDS-OM,Short-term zero-coupon money market debt instruments issued by RBI on behalf of Central Govt.
Government Securities,Central Government,Cash Management Bills (CMBs),Government of India (via RBI),Banks & Financial Institutions,Less than 91 days (14 to 84 days),Zero-coupon (issued at discount),Taxable under short-term gains,RBI DBIE / NDS-OM,Ultra short-term instruments issued to meet temporary mismatches in cash flow of the Government.
Government Securities,Central Government,Floating Rate Bonds (FRBs),Government of India (via RBI),Institutional & Retail investors,7 to 15 Years,Variable coupon reset periodically (linked to T-Bill rate or Repo),Taxable as per investor income slab,RBI DBIE / RBI Retail Direct,Bonds with variable coupon rates linked to a benchmark like the 182-day or 364-day T-Bill yield.
Government Securities,Central Government,Capital Inflation Indexed Bonds (IIBs / WPI / CPI),Government of India (via RBI),Retail and Institutional investors,10 Years,Coupon linked to Inflation Index (CPI/WPI),Principal inflation-adjusted; interest taxable,RBI DBIE / RBI Retail Direct,Principal and/or coupon protected against inflation using CPI or WPI indices.
Government Securities,Central Government,Sovereign Gold Bonds (SGBs),Government of India (via RBI),Resident Indian Individuals, HUFs, Trusts,8 Years (Exit option after 5th year),Fixed 2.50% p.a. + Gold price appreciation,Capital gains tax exempt if held till maturity (8 yrs),RBI DBIE / RBI Retail Direct / NSE / BSE,Government securities denominated in grams of gold; alternate to physical gold holding.
Government Securities,Central Government,Sovereign Green Bonds (SGrBs),Government of India (via RBI),Institutional, ESG Funds, FPIs, Retail,5 to 30 Years,Fixed semi-annual coupon,Taxable under standard income tax slab,RBI DBIE / NSE / BSE Debt,Green bonds issued by GOI to raise capital for eco-friendly and climate-resilient infrastructure.
Government Securities,Central Government,Special Securities / Oil Bonds / Fertilizer Bonds,Government of India (via RBI),Oil Marketing Companies, Fertilizer Cos, Banks,10 to 20 Years,Fixed semi-annual coupon,Taxable as per standard rules,RBI DBIE / Union Budget Documents,Issued to state entities/banks as compensation in lieu of cash subsidies (e.g., Oil Bonds, Bank Recapitalization Bonds).
Government Securities,State Government,State Development Loans (SDLs),State Governments of India (via RBI),Institutional (Insurance, PFs, Banks, Retail),3 to 30 Years,Fixed semi-annual coupon,Taxable as per slab; eligible for SLR status,RBI DBIE / RBI Retail Direct / NDS-OM,Bonds issued by state governments to finance state budgetary requirements and infrastructure projects.
Government Securities,State Government,Special SDLs / UDAY Bonds,State Governments of India,State Discoms, Banks, Financial Institutions,10 to 15 Years,Fixed semi-annual coupon,Taxable as per slab,RBI DBIE / State Finance Depts,Issued under Ujjwal DISCOM Assurance Yojana (UDAY) to take over state power distribution companies' debt.
Government Securities,Municipal,Municipal Bonds / Local Authority Bonds,Municipal Corporations (e.g., Pune, Indore, Vadodara, Ahmedabad),Institutional & Retail Investors,5 to 10 Years,Fixed coupon (Tax-free or Taxable variants),Certain municipal bonds offer tax exemption under Sec 10(15)(xv),SEBI Municipal Bond Registry / BSE Bond / NSE Debt,Debt securities issued by municipal corporations for urban infrastructure like water supply and roads.
Corporate Bonds,Financial Institutions,Additional Tier-1 (AT1) Perpetual Bonds,Public & Private Sector Banks (e.g., SBI, HDFC Bank),High Net Worth Individuals (HNIs), QIBs, Bank Treasury,Perpetual (No maturity, call option after 5/10 yrs),High fixed annual coupon,Taxable as interest income,SEBI Bond Central / NSE Debt / BSE Debt,Loss-absorbing capital bonds issued by banks under Basel III norms; can be written down or converted to equity.
Corporate Bonds,Financial Institutions,Tier-2 Subordinated Debt Bonds,Banks & NBFCs,Insurance Companies, PFs, QIBs, Retail,10 to 15 Years,Fixed annual coupon,Taxable as interest income,SEBI Bond Central / NSE Debt / BSE Debt,Subordinated debt ranking below senior debt but above equity during bank liquidation; counts towards Tier-2 capital.
Corporate Bonds,Private Sector,Senior Secured Non-Convertible Debentures (NCDs),Private Corporates (Manufacturing, Infra, NBFCs),Retail, HNIs, Mutual Funds, QIBs, FPIs,1 to 10 Years,Fixed monthly/annual or cumulative payout,Taxable; 10% TDS applicable if listed,SEBI Bond Central / NSE Debt / BSE Debt,Debt backed by specific corporate assets or charge on cash flows; highest security level among corporate debt.
Corporate Bonds,Private Sector,Senior Unsecured Non-Convertible Debentures (NCDs),Blue-chip Corporates & Conglomerates,Institutional investors, Mutual Funds, FPIs,2 to 10 Years,Fixed or floating coupon,Taxable; subject to standard TDS,SEBI Bond Central / NSE Debt / BSE Debt,Unsecured corporate debt backed only by the general creditworthiness of the issuing company.
Corporate Bonds,Private Sector,Compulsorily Convertible Debentures (CCDs),Startups, Tech Corporates, Private Equity backed firms,PE/VC Funds, Strategic Investors, HNIs,3 to 10 Years,Low fixed coupon until conversion,Taxable interest; capital gains tax upon conversion,SEBI / MCA Filings / BSE / NSE,Debentures that mandatory convert into equity shares of the issuing company at a predetermined date or ratio.
Corporate Bonds,Private Sector,Optionally Convertible Debentures (OCDs),Corporates & Holding Companies,Promoters, Strategic Investors, QIBs,3 to 7 Years,Fixed coupon with equity conversion option,Taxable interest / Capital gains upon sale or conversion,SEBI / MCA Filings / BSE / NSE,Hybrid security giving the holder the choice to convert into equity shares or redeem for cash at maturity.
Corporate Bonds,Infrastructure,Infrastructure Investment Trust (InvIT) Bonds & NCDs,InvITs (e.g., NHAI InvIT, IndiGrid, PowerGrid InvIT),Institutional Investors, Mutual Funds, HNIs, Retail,5 to 20 Years,Fixed quarterly/semi-annual distribution,Tax-exempt or concessionally taxed depending on structure (Sec 10(23FC)),SEBI InvIT Portal / NSE / BSE Debt,Debt securities issued by Infrastructure Investment Trusts backed by cash-generating infrastructure assets.
Corporate Bonds,Infrastructure,Real Estate Investment Trust (REIT) Debt Securities,REITs (e.g., Embassy, Mindspace, Nexus Select),Mutual Funds, Insurance, Foreign Portfolio Investors,3 to 10 Years,Fixed quarterly payout,Pass-through tax treatment under Sec 10(23FCA),SEBI REIT Portal / NSE / BSE Debt,Bonds issued by REITs to fund commercial real estate acquisitions and infrastructure development.
Corporate Bonds,ESG / Green,Corporate Green Bonds / ESG Bonds,Corporates (ReNew, NTPC, Adani Green, Tata Power),ESG Mutual Funds, Green Funds, FPIs, DIIs,5 to 15 Years,Fixed annual coupon,Taxable as standard corporate debt,SEBI Bond Central / Climate Bonds Initiative / NSE / BSE,Bonds where proceeds are exclusively earmarked for green projects (renewable energy, clean transit).
Corporate Bonds,Cross-Border,Masala Bonds (Rupee-denominated Offshore Bonds),Indian Corporates & Financial Institutions (HDFC, NTPC, REC),Offshore Investors, International Funds, FPIs,3 to 10 Years,Fixed annual coupon in INR,Concessional withholding tax (5%) for FPIs,RBI External Commercial Borrowings (ECB) DB / London Stock Exchange / SGX,Rupee-denominated bonds issued in overseas markets, shifting currency exchange risk to foreign investors.
Corporate Bonds,Covered Debt,Covered Bonds / Structured Debt,Housing Finance Companies (HFCs) & NBFCs,Institutional & HNIs,2 to 5 Years,Fixed coupon with dual recourse,Taxable as standard debt,SEBI Debt Registry / BSE Debt,Debt obligations backed by a dedicated pool of underlying assets (e.g., home loans) staying on issuer's balance sheet.
Corporate Bonds,Public Sector,Public Sector Undertaking (PSU) Tax-Free Bonds,PSUs (NHAI, REC, PFC, IRFC, NTPC, HUDCO),Retail, HNIs, Institutional investors,10, 15, or 20 Years,Fixed annual coupon (Tax-free under Sec 10(15)(h)),Interest income is 100% tax-free under Income Tax Act,SEBI Bond Central / NSE / BSE Debt Market,Historical tax-free bonds issued by government-backed infrastructure PSUs (widely traded in secondary market).
Corporate Bonds,Public Sector,PSU Taxable Bonds & Capital Gain Bonds (Sec 54EC),REC, PFC, NHAI, IRFC, Indian Railways,5 Years (Sec 54EC) to 15 Years,Fixed annual coupon (5.25% for Sec 54EC),Sec 54EC provides exemption from Capital Gains Tax on property sale,SEBI Bond Central / RBI / NSE / BSE,Bonds issued by government PSUs; Sec 54EC bonds offer tax savings on long-term capital gains from real estate.
Corporate Bonds,Money Market,Commercial Papers (CPs),Highly-rated Corporates, NBFCs, All-India Financial Institutions,Mutual Funds, Commercial Banks, Corporate Treasuries,7 Days to 365 Days,Zero-coupon (issued at discount),Taxable under short-term gains,RBI / NSDL / CDSL / NSE / BSE,Unsecured short-term money market paper issued in tranche sizes of Rs 5 Lakh to meet short-term liabilities.
