Date,Open,High,Low,Close,Adj Close,Volume,Symbol
2023-05-04,25.530000686645508,26.979999542236328,25.25,26.899999618530273,23.80933380126953,77004200,KVUE
2023-05-05,26.65999984741211,27.030000686645508,26.209999084472656,26.5,23.455289840698242,11292000,KVUE
2023-05-08,26.329999923706055,26.850000381469727,25.90999984741211,26.510000228881836,23.464139938354492,6308300,KVUE
2023-05-09,26.510000228881836,26.84000015258789,26.06999969482422,26.280000686645508,23.26056480407715,4684000,KVUE
2023-05-10,26.280000686645508,26.770000457763672,26.010000228881836,26.25,23.234010696411133,9602400,KVUE
2023-05-11,26.030000686645508,26.329999923706055,26.0,26.0,23.012737274169922,5687300,KVUE
2023-05-12,26.020000457763672,26.6200008392334,25.899999618530273,26.5,23.455289840698242,5433800,KVUE
2023-05-15,26.5,27.795000076293945,26.5,27.5,24.34039306640625,7083200,KVUE
2023-05-16,27.540000915527344,27.770000457763672,26.989999771118164,27.030000686645508,23.92439842224121,3818400,KVUE
2023-05-17,27.299999237060547,27.700000762939453,26.600000381469727,27.219999313354492,24.09256362915039,3392200,KVUE
2023-05-18,27.219999313354492,27.350000381469727,26.700000762939453,27.040000915527344,23.93324851989746,2648100,KVUE
2023-05-19,27.040000915527344,27.259000778198242,26.690000534057617,27.229999542236328,24.101417541503906,1794300,KVUE
2023-05-22,27.329999923706055,27.43000030517578,25.959999084472656,26.06999969482422,23.07469367980957,7509400,KVUE
2023-05-23,26.010000228881836,26.260000228881836,25.809999465942383,26.0,23.012737274169922,2485000,KVUE
2023-05-24,26.010000228881836,26.549999237060547,25.860000610351562,26.450000762939453,23.41103744506836,1953600,KVUE
2023-05-25,26.5,26.639999389648438,25.899999618530273,26.329999923706055,23.304821014404297,2139400,KVUE
2023-05-26,26.43000030517578,26.43000030517578,26.200000762939453,26.299999237060547,23.27826499938965,844100,KVUE
2023-05-30,26.280000686645508,26.5,25.1299991607666,25.729999542236328,22.773757934570312,6340200,KVUE
2023-05-31,25.6200008392334,25.6200008392334,24.989999771118164,25.09000015258789,22.20728874206543,6347800,KVUE
2023-06-01,25.299999237060547,25.639999389648438,24.75,25.280000686645508,22.375463485717773,6072700,KVUE
2023-06-02,25.260000228881836,25.700000762939453,24.969999313354492,25.549999237060547,22.614439010620117,2329400,KVUE
2023-06-05,25.579999923706055,25.770000457763672,24.829999923706055,25.149999618530273,22.26039695739746,4737300,KVUE
2023-06-06,25.0,25.389999389648438,24.899999618530273,25.170000076293945,22.278099060058594,1315000,KVUE
2023-06-07,25.100000381469727,25.2549991607666,24.90999984741211,25.079999923706055,22.19843864440918,1626600,KVUE
2023-06-08,24.989999771118164,25.15999984741211,24.809999465942383,25.110000610351562,22.224992752075195,2711800,KVUE
2023-06-09,25.049999237060547,25.15999984741211,24.850000381469727,25.100000381469727,22.216142654418945,1874000,KVUE
2023-06-12,25.010000228881836,25.200000762939453,24.75,25.020000457763672,22.14533233642578,2619800,KVUE
2023-06-13,24.989999771118164,25.219999313354492,24.959999084472656,25.1299991607666,22.242692947387695,2039800,KVUE
2023-06-14,25.1299991607666,25.489999771118164,25.1200008392334,25.34000015258789,22.428569793701172,2412000,KVUE
2023-06-15,25.399999618530273,25.950000762939453,25.18000030517578,25.75,22.791461944580078,1442900,KVUE
2023-06-16,25.850000381469727,26.260000228881836,25.700000762939453,26.25,23.234010696411133,2333000,KVUE
2023-06-20,25.950000762939453,26.3799991607666,25.940000534057617,26.059999465942383,23.065839767456055,1487500,KVUE
2023-06-21,26.190000534057617,26.700000762939453,25.770000457763672,26.200000762939453,23.18975257873535,3605900,KVUE
2023-06-22,26.200000762939453,26.600000381469727,26.198999404907227,26.549999237060547,23.499542236328125,1130700,KVUE
2023-06-23,26.549999237060547,26.739999771118164,26.270000457763672,26.479999542236328,23.43758773803711,2793400,KVUE
2023-06-26,26.59000015258789,26.600000381469727,26.020000457763672,26.149999618530273,23.145503997802734,2507300,KVUE
2023-06-27,26.020000457763672,26.06999969482422,25.190000534057617,25.889999389648438,22.915374755859375,2904600,KVUE
2023-06-28,25.899999618530273,26.020000457763672,25.670000076293945,25.799999237060547,22.835712432861328,1807900,KVUE
2023-06-29,25.739999771118164,26.219999313354492,25.709999084472656,25.989999771118164,23.00388526916504,1353900,KVUE
2023-06-30,26.040000915527344,26.65999984741211,25.969999313354492,26.420000076293945,23.384483337402344,3936600,KVUE
2023-07-03,26.309999465942383,26.600000381469727,25.799999237060547,26.040000915527344,23.048141479492188,7558600,KVUE
2023-07-05,25.90999984741211,26.25,25.6200008392334,25.700000762939453,22.74720573425293,1990700,KVUE
2023-07-06,25.549999237060547,25.80500030517578,25.3799991607666,25.6200008392334,22.676395416259766,4856900,KVUE
2023-07-07,25.6200008392334,25.649999618530273,25.209999084472656,25.219999313354492,22.322355270385742,1793700,KVUE
2023-07-10,25.309999465942383,25.524999618530273,25.100000381469727,25.25,22.348907470703125,2121200,KVUE
2023-07-11,25.479999542236328,25.549999237060547,25.0049991607666,25.079999923706055,22.19843864440918,1942600,KVUE
2023-07-12,25.270000457763672,25.3700008392334,24.959999084472656,25.25,22.348907470703125,2320900,KVUE
2023-07-13,25.420000076293945,25.5,24.8799991607666,25.399999618530273,22.481674194335938,2477900,KVUE
2023-07-14,25.530000686645508,25.610000610351562,24.719999313354492,24.940000534057617,22.074525833129883,3830200,KVUE
2023-07-17,24.899999618530273,25.059999465942383,24.739999771118164,24.889999389648438,22.0302677154541,1709200,KVUE
2023-07-18,24.75,25.030000686645508,24.7450008392334,24.809999465942383,21.959461212158203,1713500,KVUE
2023-07-19,24.8799991607666,25.040000915527344,24.5,25.0,22.127634048461914,2870800,KVUE
2023-07-20,23.950000762939453,24.615999221801758,22.489999771118164,24.510000228881836,21.693927764892578,36675600,KVUE
2023-07-21,24.649999618530273,24.8799991607666,23.780000686645508,24.010000228881836,21.251375198364258,14587900,KVUE
2023-07-24,23.170000076293945,24.40999984741211,23.1200008392334,24.15999984741211,21.38414192199707,22641600,KVUE
2023-07-25,24.34000015258789,25.1200008392334,24.149999618530273,25.1200008392334,22.233844757080078,15018100,KVUE
2023-07-26,25.09000015258789,25.229999542236328,24.28499984741211,24.690000534057617,21.853248596191406,10716400,KVUE
2023-07-27,24.950000762939453,25.0,23.959999084472656,24.239999771118164,21.4549503326416,11476200,KVUE
2023-07-28,24.229999542236328,24.43000030517578,24.049999237060547,24.399999618530273,21.59656524658203,13214600,KVUE
2023-07-31,24.010000228881836,24.079999923706055,23.4950008392334,23.68000030517578,20.959293365478516,14630700,KVUE
2023-08-01,23.510000228881836,23.770000457763672,23.3799991607666,23.649999618530273,20.932737350463867,14685500,KVUE
2023-08-02,23.549999237060547,23.920000076293945,23.3700008392334,23.899999618530273,21.154014587402344,16233200,KVUE
2023-08-03,24.030000686645508,24.434999465942383,23.75,23.989999771118164,21.233675003051758,16111000,KVUE
2023-08-04,24.020000457763672,24.020000457763672,23.270000457763672,23.530000686645508,20.826526641845703,20999100,KVUE
2023-08-07,23.670000076293945,23.676000595092773,23.31999969482422,23.540000915527344,20.83538055419922,15379100,KVUE
2023-08-08,23.549999237060547,23.549999237060547,23.209999084472656,23.3799991607666,20.693758010864258,20150600,KVUE
2023-08-09,23.299999237060547,23.440000534057617,23.059999465942383,23.350000381469727,20.667207717895508,40849100,KVUE
2023-08-10,23.75,23.889999389648438,23.110000610351562,23.3700008392334,20.68490982055664,51365500,KVUE
2023-08-11,23.299999237060547,23.799999237060547,23.25,23.719999313354492,20.99469566345215,46063200,KVUE
2023-08-14,23.600000381469727,23.700000762939453,22.850000381469727,22.940000534057617,20.304311752319336,89481200,KVUE
2023-08-15,22.920000076293945,23.770000457763672,22.639999389648438,23.260000228881836,20.587549209594727,105996500,KVUE
2023-08-16,23.489999771118164,23.549999237060547,22.809999465942383,22.93000030517578,20.29546356201172,86179200,KVUE
2023-08-17,23.1200008392334,23.290000915527344,22.549999237060547,22.780000686645508,20.162700653076172,71709300,KVUE
2023-08-18,22.959999084472656,23.0,22.360000610351562,22.8700008392334,20.24235725402832,93537500,KVUE
2023-08-21,23.170000076293945,23.690000534057617,22.809999465942383,22.899999618530273,20.26890754699707,178017500,KVUE
2023-08-22,23.239999771118164,23.81999969482422,23.1200008392334,23.739999771118164,21.012399673461914,90542700,KVUE
2023-08-23,23.850000381469727,24.049999237060547,23.6200008392334,23.6200008392334,20.906185150146484,119406800,KVUE
2023-08-24,23.959999084472656,24.100000381469727,23.139999389648438,23.65999984741211,20.941593170166016,372341300,KVUE
2023-08-25,23.200000762939453,23.290000915527344,22.81999969482422,22.969999313354492,20.504188537597656,86974600,KVUE
2023-08-28,22.920000076293945,23.200000762939453,22.610000610351562,22.969999313354492,20.504188537597656,39395000,KVUE
2023-08-29,22.729999542236328,23.125,22.56999969482422,22.860000610351562,20.40599822998047,59445800,KVUE
2023-08-30,22.84000015258789,23.139999389648438,22.649999618530273,23.06999969482422,20.59345817565918,36094000,KVUE
2023-08-31,23.09000015258789,23.329999923706055,23.010000228881836,23.049999237060547,20.57560157775879,36119700,KVUE
2023-09-01,23.200000762939453,23.329999923706055,22.8700008392334,22.959999084472656,20.495262145996094,27566400,KVUE
2023-09-05,22.920000076293945,22.979999542236328,22.59000015258789,22.610000610351562,20.182836532592773,28465000,KVUE
2023-09-06,22.65999984741211,22.709999084472656,22.299999237060547,22.3799991607666,19.977523803710938,24727700,KVUE
2023-09-07,22.440000534057617,22.579999923706055,20.959999084472656,20.989999771118164,18.736743927001953,102648300,KVUE
2023-09-08,20.860000610351562,21.43000030517578,20.375,21.299999237060547,19.013460159301758,59635700,KVUE
2023-09-11,22.1299991607666,22.18000030517578,21.600000381469727,22.06999969482422,19.7008056640625,42830600,KVUE
2023-09-12,22.079999923706055,22.1200008392334,21.010000228881836,21.059999465942383,18.799226760864258,43697200,KVUE
2023-09-13,21.09000015258789,21.90999984741211,21.079999923706055,21.600000381469727,19.281259536743164,35434500,KVUE
2023-09-14,21.829999923706055,21.829999923706055,21.4950008392334,21.739999771118164,19.406230926513672,22195700,KVUE
2023-09-15,21.719999313354492,21.8700008392334,21.200000762939453,21.219999313354492,18.94205093383789,32265200,KVUE
2023-09-18,21.350000381469727,21.350000381469727,20.829999923706055,21.079999923706055,18.817081451416016,18035300,KVUE
2023-09-19,20.90999984741211,21.100000381469727,20.690000534057617,21.059999465942383,18.799226760864258,21142800,KVUE
2023-09-20,21.25,21.399999618530273,20.8799991607666,20.889999389648438,18.647476196289062,15623200,KVUE
2023-09-21,20.920000076293945,21.260000228881836,20.709999084472656,20.84000015258789,18.60284423828125,20599600,KVUE
2023-09-22,20.950000762939453,21.024999618530273,20.5,20.549999237060547,18.34397315979004,14865900,KVUE
2023-09-25,20.510000228881836,20.850000381469727,20.469999313354492,20.829999923706055,18.593917846679688,16272000,KVUE
2023-09-26,20.59000015258789,20.850000381469727,20.479999542236328,20.639999389648438,18.424312591552734,23574200,KVUE
2023-09-27,20.709999084472656,20.799999237060547,20.040000915527344,20.219999313354492,18.04939842224121,25270500,KVUE
2023-09-28,20.1200008392334,20.280000686645508,19.950000762939453,20.110000610351562,17.951210021972656,32556800,KVUE
2023-09-29,20.270000457763672,20.325000762939453,20.020000457763672,20.079999923706055,17.924427032470703,27974900,KVUE
2023-10-02,20.239999771118164,20.479999542236328,20.135000228881836,20.31999969482422,18.1386661529541,25296300,KVUE
2023-10-03,20.389999389648438,20.59000015258789,19.90999984741211,19.989999771118164,17.844093322753906,24924500,KVUE
2023-10-04,19.920000076293945,19.989999771118164,19.549999237060547,19.729999542236328,17.612003326416016,19610400,KVUE
2023-10-05,19.809999465942383,19.905000686645508,19.579999923706055,19.760000228881836,17.638778686523438,18014900,KVUE
2023-10-06,19.670000076293945,20.260000228881836,19.389999389648438,20.06999969482422,17.915504455566406,25090300,KVUE
2023-10-09,19.8700008392334,20.125,19.670000076293945,19.8700008392334,17.73697280883789,16032800,KVUE
2023-10-10,19.920000076293945,20.079999923706055,19.6299991607666,19.690000534057617,17.576295852661133,13937900,KVUE
2023-10-11,19.829999923706055,19.8799991607666,19.360000610351562,19.56999969482422,17.469175338745117,20414700,KVUE
2023-10-12,19.600000381469727,19.719999313354492,19.235000610351562,19.31999969482422,17.246015548706055,14461500,KVUE
2023-10-13,19.3799991607666,19.489999771118164,19.25,19.3700008392334,17.290647506713867,16410700,KVUE
2023-10-16,19.3700008392334,19.719999313354492,19.094999313354492,19.540000915527344,17.442399978637695,15272000,KVUE
2023-10-17,19.290000915527344,19.899999618530273,19.010000228881836,19.780000686645508,17.656631469726562,18750100,KVUE
2023-10-18,19.790000915527344,20.079999923706055,19.690000534057617,20.059999465942383,17.906578063964844,18294200,KVUE
2023-10-19,20.049999237060547,20.208999633789062,19.81999969482422,19.84000015258789,17.71019172668457,18831500,KVUE
2023-10-20,19.8700008392334,20.030000686645508,19.719999313354492,19.739999771118164,17.620929718017578,24057700,KVUE
2023-10-23,19.520000457763672,19.80500030517578,19.424999237060547,19.68000030517578,17.567373275756836,19716500,KVUE
2023-10-24,19.68000030517578,20.003000259399414,19.649999618530273,19.979999542236328,17.835166931152344,21650900,KVUE
2023-10-25,20.0,20.118999481201172,19.719999313354492,19.729999542236328,17.612003326416016,24711200,KVUE
2023-10-26,18.850000381469727,19.1299991607666,18.5,18.690000534057617,16.683645248413086,60514900,KVUE
2023-10-27,18.604999542236328,18.709999084472656,18.084999084472656,18.209999084472656,16.255170822143555,43215400,KVUE
2023-10-30,18.34000015258789,18.875,17.81999969482422,18.639999389648438,16.63901138305664,39398800,KVUE
2023-10-31,18.809999465942383,18.8799991607666,18.5,18.600000381469727,16.603307723999023,81622600,KVUE
2023-11-01,18.579999923706055,18.899999618530273,18.405000686645508,18.8799991607666,16.853248596191406,20218100,KVUE
2023-11-02,19.0,19.2450008392334,18.780000686645508,19.229999542236328,17.165678024291992,15439000,KVUE
2023-11-03,19.489999771118164,19.709999084472656,19.299999237060547,19.3700008392334,17.290647506713867,16874300,KVUE
2023-11-06,19.459999084472656,19.540000915527344,19.239999771118164,19.350000381469727,17.272796630859375,13242000,KVUE
2023-11-07,19.219999313354492,19.610000610351562,19.18600082397461,19.600000381469727,17.67868423461914,12172600,KVUE
2023-11-08,19.559999465942383,19.704999923706055,19.110000610351562,19.15999984741211,17.281814575195312,13552100,KVUE
2023-11-09,19.280000686645508,19.299999237060547,19.040000915527344,19.219999313354492,17.3359317779541,10423400,KVUE
2023-11-10,19.25,19.315000534057617,19.09000015258789,19.149999618530273,17.272794723510742,14475400,KVUE
2023-11-13,19.149999618530273,19.190000534057617,18.9950008392334,19.100000381469727,17.22769546508789,14283900,KVUE
2023-11-14,19.239999771118164,19.600000381469727,19.1200008392334,19.40999984741211,17.507308959960938,16003900,KVUE
2023-11-15,19.59000015258789,19.770000457763672,19.489999771118164,19.600000381469727,17.67868423461914,16026300,KVUE
2023-11-16,19.559999465942383,19.639999389648438,19.469999313354492,19.610000610351562,17.68770408630371,12665000,KVUE
2023-11-17,19.559999465942383,19.809999465942383,19.479999542236328,19.68000030517578,17.75084114074707,12840900,KVUE
2023-11-20,19.709999084472656,19.8799991607666,19.459999084472656,19.75,17.813980102539062,18248800,KVUE
2023-11-21,19.739999771118164,20.040000915527344,19.719999313354492,19.899999618530273,17.94927215576172,17662900,KVUE
2023-11-22,20.0,20.309999465942383,19.969999313354492,20.040000915527344,18.075551986694336,21322700,KVUE
2023-11-24,20.1200008392334,20.4950008392334,20.1200008392334,20.25,18.26496696472168,12663700,KVUE
2023-11-27,20.190000534057617,20.270000457763672,20.010000228881836,20.15999984741211,18.18379020690918,32839900,KVUE
2023-11-28,20.149999618530273,20.25,20.079999923706055,20.15999984741211,18.18379020690918,19154500,KVUE
2023-11-29,20.229999542236328,20.360000610351562,20.059999465942383,20.079999923706055,18.11162757873535,13457500,KVUE
2023-11-30,20.219999313354492,20.459999084472656,20.040000915527344,20.440000534057617,18.436342239379883,47302700,KVUE
2023-12-01,20.309999465942383,20.790000915527344,20.309999465942383,20.690000534057617,18.661832809448242,17798700,KVUE
2023-12-04,20.6200008392334,20.850000381469727,20.5,20.6200008392334,18.59869384765625,22516200,KVUE
2023-12-05,20.59000015258789,20.649999618530273,20.15999984741211,20.170000076293945,18.19281005859375,19199000,KVUE
2023-12-06,20.219999313354492,20.25,19.219999313354492,19.389999389648438,17.489267349243164,37456400,KVUE
2023-12-07,19.59000015258789,21.38800048828125,19.5,20.809999465942383,18.77007293701172,60070800,KVUE
2023-12-08,20.8799991607666,21.0,20.600000381469727,20.610000610351562,18.589679718017578,24536000,KVUE
2023-12-11,20.5,20.719999313354492,20.299999237060547,20.59000015258789,18.571638107299805,18094900,KVUE
2023-12-12,20.65999984741211,20.90999984741211,20.3700008392334,20.75,18.715953826904297,17755000,KVUE
2023-12-13,20.84000015258789,21.040000915527344,20.514999389648438,21.040000915527344,18.977527618408203,19393500,KVUE
2023-12-14,21.1299991607666,21.260000228881836,20.829999923706055,21.059999465942383,18.995563507080078,19302400,KVUE
2023-12-15,20.8700008392334,21.059999465942383,20.780000686645508,20.989999771118164,18.93242645263672,38178500,KVUE
2023-12-18,21.100000381469727,21.1299991607666,20.8799991607666,21.010000228881836,18.950468063354492,16832900,KVUE
2023-12-19,22.25,22.30500030517578,21.235000610351562,21.469999313354492,19.365371704101562,50883800,KVUE
2023-12-20,21.389999389648438,21.68000030517578,20.895000457763672,20.950000762939453,18.896347045898438,24956700,KVUE
2023-12-21,21.049999237060547,21.239999771118164,20.920000076293945,21.219999313354492,19.13987922668457,14647200,KVUE
2023-12-22,21.25,21.420000076293945,21.209999084472656,21.360000610351562,19.266157150268555,9577700,KVUE
2023-12-26,21.25,21.395000457763672,21.135000228881836,21.290000915527344,19.203020095825195,8128600,KVUE
2023-12-27,21.270000457763672,21.549999237060547,21.260000228881836,21.549999237060547,19.437532424926758,10852400,KVUE
2023-12-28,21.524999618530273,21.649999618530273,21.389999389648438,21.469999313354492,19.365371704101562,8146900,KVUE
2023-12-29,21.40999984741211,21.559999465942383,21.329999923706055,21.530000686645508,19.41949462890625,9359200,KVUE
2024-01-02,21.450000762939453,21.854999542236328,21.420000076293945,21.56999969482422,19.455568313598633,35216200,KVUE
2024-01-03,21.420000076293945,21.600000381469727,21.184999465942383,21.270000457763672,19.18497657775879,18892500,KVUE
2024-01-04,21.290000915527344,21.385000228881836,20.889999389648438,20.899999618530273,18.851247787475586,16729000,KVUE
2024-01-05,21.0,21.40999984741211,20.93899917602539,21.350000381469727,19.25713539123535,24854100,KVUE
2024-01-08,21.25,21.649999618530273,21.25,21.6299991607666,19.509685516357422,14321000,KVUE
2024-01-09,21.520000457763672,21.860000610351562,21.520000457763672,21.850000381469727,19.7081241607666,18106300,KVUE
2024-01-10,21.799999237060547,21.899999618530273,21.549999237060547,21.770000457763672,19.635967254638672,17925900,KVUE
2024-01-11,21.690000534057617,21.940000534057617,21.459999084472656,21.93000030517578,19.780282974243164,16607600,KVUE
2024-01-12,22.0,22.040000915527344,21.440000534057617,21.510000228881836,19.401451110839844,16986400,KVUE
2024-01-16,21.43000030517578,21.4950008392334,21.079999923706055,21.229999542236328,19.148900985717773,12962400,KVUE
2024-01-17,21.059999465942383,21.2450008392334,20.924999237060547,20.979999542236328,18.92340660095215,14488900,KVUE
2024-01-18,20.889999389648438,21.010000228881836,20.729999542236328,20.940000534057617,18.887325286865234,9154600,KVUE
2024-01-19,20.950000762939453,20.950000762939453,20.530000686645508,20.709999084472656,18.67987060546875,15841800,KVUE
2024-01-22,20.520000457763672,20.690000534057617,20.280000686645508,20.440000534057617,18.436342239379883,20041600,KVUE
2024-01-23,20.594999313354492,20.979999542236328,20.559999465942383,20.90999984741211,18.860265731811523,16013200,KVUE
2024-01-24,20.8700008392334,20.975000381469727,20.40999984741211,20.43000030517578,18.427326202392578,12345100,KVUE
2024-01-25,20.600000381469727,20.790000915527344,20.44099998474121,20.75,18.715953826904297,12613600,KVUE
2024-01-26,20.889999389648438,20.989999771118164,20.790000915527344,20.84000015258789,18.797134399414062,14121400,KVUE
2024-01-29,20.84000015258789,21.110000610351562,20.81999969482422,21.040000915527344,18.977527618408203,10817100,KVUE
2024-01-30,20.950000762939453,20.979999542236328,20.71299934387207,20.8700008392334,18.824188232421875,10593500,KVUE
2024-01-31,20.950000762939453,20.959999084472656,20.729999542236328,20.760000228881836,18.7249698638916,13225600,KVUE
2024-02-01,20.780000686645508,21.0,20.540000915527344,20.889999389648438,18.842227935791016,11400600,KVUE
2024-02-02,20.719999313354492,20.920000076293945,20.6299991607666,20.829999923706055,18.788110733032227,12678900,KVUE
2024-02-05,20.75,20.75,20.253000259399414,20.479999542236328,18.472415924072266,12643400,KVUE
2024-02-06,20.440000534057617,20.75,20.399999618530273,20.600000381469727,18.580656051635742,13267100,KVUE
2024-02-07,20.739999771118164,20.739999771118164,20.40999984741211,20.520000457763672,18.508499145507812,26170300,KVUE
2024-02-08,19.850000381469727,20.045000076293945,19.299999237060547,19.329999923706055,17.435150146484375,44119600,KVUE
2024-02-09,19.200000762939453,19.614999771118164,19.079999923706055,19.329999923706055,17.435150146484375,24589600,KVUE
2024-02-12,19.469999313354492,19.639999389648438,19.30500030517578,19.59000015258789,17.669662475585938,17750800,KVUE
2024-02-13,19.399999618530273,19.584999084472656,19.09000015258789,19.25,17.542081832885742,16678500,KVUE
2024-02-14,19.219999313354492,19.364999771118164,19.010000228881836,19.09000015258789,17.396278381347656,15853000,KVUE
2024-02-15,19.110000610351562,19.260000228881836,19.0,19.049999237060547,17.35982894897461,18646500,KVUE
2024-02-16,19.010000228881836,19.100000381469727,18.915000915527344,19.049999237060547,17.35982894897461,16387600,KVUE
2024-02-20,18.989999771118164,19.1299991607666,18.850000381469727,19.059999465942383,17.368940353393555,15817600,KVUE
2024-02-21,19.100000381469727,19.334999084472656,18.899999618530273,19.299999237060547,17.587650299072266,12660700,KVUE
2024-02-22,19.260000228881836,19.31999969482422,18.950000762939453,19.190000534057617,17.48740577697754,11359000,KVUE
2024-02-23,19.149999618530273,19.325000762939453,19.049999237060547,19.18000030517578,17.478294372558594,13774600,KVUE
2024-02-26,19.139999389648438,19.142000198364258,18.84000015258789,18.940000534057617,17.25958824157715,17420200,KVUE
2024-02-27,18.90999984741211,18.969999313354492,18.719999313354492,18.920000076293945,17.241363525390625,15954200,KVUE
2024-02-28,18.93000030517578,19.170000076293945,18.709999084472656,19.139999389648438,17.441844940185547,16447700,KVUE
2024-02-29,19.15999984741211,19.264999389648438,18.899999618530273,19.0,17.314266204833984,19298500,KVUE
2024-03-01,18.81999969482422,18.940000534057617,18.690000534057617,18.81999969482422,17.15023422241211,14618600,KVUE
2024-03-04,18.760000228881836,19.079999923706055,18.610000610351562,18.959999084472656,17.277809143066406,18745500,KVUE
2024-03-05,18.90999984741211,19.200000762939453,18.829999923706055,19.010000228881836,17.323379516601562,19216100,KVUE
2024-03-06,19.0,19.760000228881836,18.989999771118164,19.579999923706055,17.842805862426758,17447900,KVUE
2024-03-07,19.690000534057617,20.229999542236328,19.665000915527344,19.799999237060547,18.043285369873047,22510900,KVUE
2024-03-08,19.690000534057617,20.1299991607666,19.670000076293945,20.020000457763672,18.2437686920166,11932700,KVUE
2024-03-11,20.059999465942383,20.34000015258789,20.020000457763672,20.149999618530273,18.36223030090332,12106400,KVUE
2024-03-12,20.190000534057617,20.388999938964844,20.1200008392334,20.139999389648438,18.35312271118164,12156700,KVUE
2024-03-13,20.200000762939453,20.549999237060547,20.200000762939453,20.40999984741211,18.599164962768555,23717400,KVUE
2024-03-14,20.260000228881836,20.3700008392334,19.915000915527344,20.06999969482422,18.289329528808594,18494000,KVUE
2024-03-15,19.799999237060547,20.415000915527344,19.799999237060547,20.34000015258789,18.535375595092773,68562300,KVUE
2024-03-18,20.110000610351562,20.3799991607666,19.969999313354492,20.200000762939453,18.407798767089844,18907400,KVUE
2024-03-19,20.34000015258789,20.399999618530273,20.100000381469727,20.200000762939453,18.407798767089844,18217300,KVUE
2024-03-20,20.15999984741211,20.415000915527344,20.075000762939453,20.40999984741211,18.599164962768555,13173300,KVUE
2024-03-21,20.420000076293945,20.920000076293945,20.420000076293945,20.709999084472656,18.87254524230957,18323600,KVUE
2024-03-22,20.780000686645508,20.8700008392334,20.540000915527344,20.600000381469727,18.772308349609375,10408800,KVUE
2024-03-25,20.709999084472656,20.905000686645508,20.565000534057617,20.649999618530273,18.81787109375,11924700,KVUE
2024-03-26,20.719999313354492,21.020000457763672,20.639999389648438,20.93000030517578,19.073028564453125,14484300,KVUE
2024-03-27,21.010000228881836,21.459999084472656,20.979999542236328,21.450000762939453,19.546894073486328,13286700,KVUE
2024-03-28,21.579999923706055,21.579999923706055,21.360000610351562,21.459999084472656,19.556005477905273,14405400,KVUE
2024-04-01,21.440000534057617,21.479999542236328,21.110000610351562,21.229999542236328,19.346412658691406,10457500,KVUE
2024-04-02,21.25,21.299999237060547,20.799999237060547,20.81999969482422,18.972787857055664,15495100,KVUE
2024-04-03,20.75,20.780000686645508,20.229999542236328,20.34000015258789,18.535375595092773,15066200,KVUE
2024-04-04,20.510000228881836,20.579999923706055,20.149999618530273,20.170000076293945,18.380460739135742,12183400,KVUE
2024-04-05,20.1200008392334,20.309999465942383,20.049999237060547,20.25,18.45336151123047,11313100,KVUE
2024-04-08,20.25,20.260000228881836,20.049999237060547,20.059999465942383,18.280216217041016,9262800,KVUE
2024-04-09,20.09000015258789,20.450000762939453,19.989999771118164,20.350000381469727,18.54448699951172,10106700,KVUE
2024-04-10,20.139999389648438,20.290000915527344,20.010000228881836,20.239999771118164,18.444246292114258,11808100,KVUE
2024-04-11,19.959999084472656,19.979999542236328,19.350000381469727,19.450000762939453,17.724342346191406,25410000,KVUE
2024-04-12,19.440000534057617,19.540000915527344,19.114999771118164,19.1299991607666,17.432729721069336,9414800,KVUE
2024-04-15,19.299999237060547,19.350000381469727,19.010000228881836,19.1299991607666,17.432729721069336,13423300,KVUE
2024-04-16,19.079999923706055,19.170000076293945,18.850000381469727,19.110000610351562,17.41450309753418,20306600,KVUE
2024-04-17,19.329999923706055,19.350000381469727,19.049999237060547,19.270000457763672,17.56031036376953,10022900,KVUE
2024-04-18,19.3700008392334,19.610000610351562,19.260000228881836,19.579999923706055,17.842805862426758,11215700,KVUE
2024-04-19,19.489999771118164,19.690000534057617,19.385000228881836,19.579999923706055,17.842805862426758,9506100,KVUE
2024-04-22,19.579999923706055,19.709999084472656,19.18000030517578,19.579999923706055,17.842805862426758,17453800,KVUE
2024-04-23,19.600000381469727,19.71500015258789,19.264999389648438,19.3700008392334,17.651439666748047,19765100,KVUE
2024-04-24,19.270000457763672,19.350000381469727,19.104999542236328,19.1299991607666,17.432729721069336,22713800,KVUE
2024-04-25,19.219999313354492,19.295000076293945,18.989999771118164,19.020000457763672,17.332490921020508,14246300,KVUE
2024-04-26,19.0,19.079999923706055,18.834999084472656,18.860000610351562,17.186689376831055,15454700,KVUE
2024-04-29,18.850000381469727,19.075000762939453,18.774999618530273,19.059999465942383,17.368940353393555,13240500,KVUE
2024-04-30,18.90999984741211,19.059999465942383,18.739999771118164,18.81999969482422,17.15023422241211,26872700,KVUE
2024-05-01,18.889999389648438,19.010000228881836,18.639999389648438,18.850000381469727,17.177574157714844,12771100,KVUE
2024-05-02,18.940000534057617,19.260000228881836,18.940000534057617,19.1200008392334,17.423616409301758,22724700,KVUE
2024-05-03,19.09000015258789,19.350000381469727,19.075000762939453,19.200000762939453,17.496519088745117,15941000,KVUE
2024-05-06,19.31999969482422,19.3799991607666,18.934999465942383,19.079999923706055,17.387165069580078,26549600,KVUE
2024-05-07,19.450000762939453,20.229999542236328,19.450000762939453,20.079999923706055,18.49228286743164,30039600,KVUE
2024-05-08,20.079999923706055,20.68000030517578,19.989999771118164,20.450000762939453,18.83302879333496,24428800,KVUE
2024-05-09,20.510000228881836,20.610000610351562,20.364999771118164,20.540000915527344,18.91591453552246,14394600,KVUE
2024-05-10,20.59000015258789,20.614999771118164,20.329999923706055,20.540000915527344,18.91591453552246,15019500,KVUE
2024-05-13,20.299999237060547,20.78499984741211,20.170000076293945,20.360000610351562,18.750146865844727,20853100,KVUE
2024-05-14,20.5,20.950000762939453,20.389999389648438,20.6299991607666,18.998796463012695,21289500,KVUE
2024-05-15,20.200000762939453,20.7450008392334,20.1200008392334,20.540000915527344,18.91591453552246,97658200,KVUE
2024-05-16,20.649999618530273,20.94499969482422,20.514999389648438,20.600000381469727,18.971166610717773,71519400,KVUE
2024-05-17,20.719999313354492,20.739999771118164,20.3799991607666,20.469999313354492,18.8514461517334,31071000,KVUE
2024-05-20,20.5,20.549999237060547,19.8799991607666,19.899999618530273,18.326515197753906,24636700,KVUE
2024-05-21,19.93000030517578,20.100000381469727,19.670000076293945,19.969999313354492,18.390981674194336,27778900,KVUE
2024-05-22,19.8799991607666,20.1299991607666,19.80500030517578,19.8799991607666,18.30809783935547,15202600,KVUE
2024-05-23,19.860000610351562,19.899999618530273,19.3799991607666,19.440000534057617,17.902891159057617,16089700,KVUE
2024-05-24,19.469999313354492,19.549999237060547,19.135000228881836,19.350000381469727,17.82000732421875,24363700,KVUE
2024-05-28,19.209999084472656,19.40999984741211,19.100000381469727,19.25,17.7279109954834,16231100,KVUE
2024-05-29,19.059999465942383,19.18000030517578,18.850000381469727,18.8700008392334,17.377958297729492,13001900,KVUE
2024-05-30,18.8700008392334,19.1200008392334,18.84000015258789,18.989999771118164,17.48847198486328,17340100,KVUE
2024-05-31,19.010000228881836,19.34000015258789,18.8700008392334,19.299999237060547,17.77396011352539,31659300,KVUE
2024-06-03,19.139999389648438,19.469999313354492,19.1200008392334,19.239999771118164,17.718698501586914,15902600,KVUE
2024-06-04,19.260000228881836,19.260000228881836,18.915000915527344,19.149999618530273,17.63581657409668,18523500,KVUE
2024-06-05,19.06999969482422,19.18000030517578,18.81999969482422,18.989999771118164,17.48847198486328,20674500,KVUE
2024-06-06,18.850000381469727,18.979999542236328,18.520000457763672,18.6299991607666,17.15693473815918,27907800,KVUE
2024-06-07,18.68000030517578,18.760000228881836,18.3700008392334,18.389999389648438,16.935911178588867,17923400,KVUE
2024-06-10,18.280000686645508,18.40999984741211,18.084999084472656,18.290000915527344,16.843820571899414,16438100,KVUE
2024-06-11,18.209999084472656,18.479999542236328,18.09000015258789,18.469999313354492,17.009586334228516,23197400,KVUE
2024-06-12,18.5,18.600000381469727,17.899999618530273,17.959999084472656,16.5399112701416,19717800,KVUE
2024-06-13,18.0,18.15999984741211,17.83300018310547,18.030000686645508,16.60437774658203,14768100,KVUE
2024-06-14,17.889999389648438,18.079999923706055,17.75,18.06999969482422,16.641212463378906,15356100,KVUE
2024-06-17,17.959999084472656,18.81999969482422,17.959999084472656,18.790000915527344,17.30428123474121,20146700,KVUE
2024-06-18,18.780000686645508,18.885000228881836,18.399999618530273,18.520000457763672,17.055631637573242,21747100,KVUE
2024-06-20,18.649999618530273,18.860000610351562,18.549999237060547,18.84000015258789,17.350326538085938,24977100,KVUE
2024-06-21,18.90999984741211,18.989999771118164,18.399999618530273,18.530000686645508,17.06484031677246,63084700,KVUE
2024-06-24,18.81999969482422,18.979999542236328,18.684999465942383,18.899999618530273,17.405588150024414,19862800,KVUE
2024-06-25,18.780000686645508,18.8700008392334,18.520000457763672,18.649999618530273,17.175352096557617,15046800,KVUE
2024-06-26,18.5,18.610000610351562,18.260000228881836,18.59000015258789,17.12009620666504,16542100,KVUE
2024-06-27,18.559999465942383,18.6200008392334,18.329999923706055,18.420000076293945,16.963537216186523,18657600,KVUE
2024-06-28,18.43000030517578,18.59000015258789,18.040000915527344,18.18000030517578,16.74251937866211,57323300,KVUE
2024-07-01,18.229999542236328,18.395000457763672,17.885000228881836,17.950000762939453,16.53070068359375,21089800,KVUE
2024-07-02,18.010000228881836,18.260000228881836,17.989999771118164,18.239999771118164,16.797771453857422,14781800,KVUE
2024-07-03,18.3799991607666,18.415000915527344,18.200000762939453,18.309999465942383,16.86223602294922,5859500,KVUE
2024-07-05,18.280000686645508,18.31999969482422,18.139999389648438,18.309999465942383,16.86223602294922,12172600,KVUE
2024-07-08,18.290000915527344,18.290000915527344,18.0,18.25,16.806978225708008,15968400,KVUE
2024-07-09,18.260000228881836,18.299999237060547,17.975000381469727,18.219999313354492,16.77935218811035,12147200,KVUE
2024-07-10,18.139999389648438,18.239999771118164,17.674999237060547,17.700000762939453,16.30047035217285,24692600,KVUE
2024-07-11,17.770000457763672,17.940000534057617,17.670000076293945,17.920000076293945,16.50307273864746,35772200,KVUE
2024-07-12,18.110000610351562,18.40999984741211,17.959999084472656,18.34000015258789,16.88986587524414,12523500,KVUE
2024-07-15,18.34000015258789,18.389999389648438,18.09000015258789,18.110000610351562,16.678049087524414,14171600,KVUE
2024-07-16,18.049999237060547,18.360000610351562,18.0049991607666,18.25,16.806978225708008,15408300,KVUE
2024-07-17,18.270000457763672,18.770000457763672,18.270000457763672,18.440000534057617,16.981958389282227,17834900,KVUE
2024-07-18,18.450000762939453,18.75,18.309999465942383,18.31999969482422,16.871444702148438,14131000,KVUE
2024-07-19,18.459999084472656,18.489999771118164,18.155000686645508,18.25,16.806978225708008,15412400,KVUE
2024-07-22,18.209999084472656,18.270000457763672,18.0,18.229999542236328,16.78856086730957,15788700,KVUE
2024-07-23,18.09000015258789,18.229999542236328,17.90999984741211,17.93000030517578,16.512283325195312,12491000,KVUE
2024-07-24,17.920000076293945,18.25,17.850000381469727,18.170000076293945,16.733308792114258,9390800,KVUE
2024-07-25,18.329999923706055,18.709999084472656,18.239999771118164,18.25,16.806978225708008,11082200,KVUE
2024-07-26,18.3700008392334,18.78499984741211,18.309999465942383,18.690000534057617,17.21219253540039,11484600,KVUE
2024-07-29,18.649999618530273,18.899999618530273,18.520000457763672,18.799999237060547,17.313491821289062,12564800,KVUE
2024-07-30,18.520000457763672,18.809999465942383,18.30500030517578,18.75,17.267446517944336,12381300,KVUE
2024-07-31,18.670000076293945,18.760000228881836,18.360000610351562,18.489999771118164,17.028003692626953,42056200,KVUE
2024-08-01,18.670000076293945,18.700000762939453,18.389999389648438,18.6299991607666,17.15693473815918,12817600,KVUE
2024-08-02,18.649999618530273,18.84000015258789,18.420000076293945,18.81999969482422,17.3319091796875,17688600,KVUE
2024-08-05,18.709999084472656,18.8700008392334,18.104999542236328,18.190000534057617,16.751724243164062,21724900,KVUE
2024-08-06,20.149999618530273,20.920000076293945,19.910999298095703,20.860000610351562,19.210609436035156,44403600,KVUE
2024-08-07,20.690000534057617,21.049999237060547,20.450000762939453,20.6200008392334,18.989585876464844,24344700,KVUE
2024-08-08,20.56999969482422,21.364999771118164,20.40999984741211,21.25,19.569774627685547,21849700,KVUE
2024-08-09,21.200000762939453,21.235000610351562,20.915000915527344,21.020000457763672,19.357959747314453,20636700,KVUE
2024-08-12,21.079999923706055,21.155000686645508,20.84000015258789,21.09000015258789,19.422422409057617,17481100,KVUE
2024-08-13,21.139999389648438,21.489999771118164,21.1200008392334,21.34000015258789,19.65265464782715,16625400,KVUE
2024-08-14,21.15999984741211,21.469999313354492,21.1200008392334,21.18000030517578,19.694499969482422,16462400,KVUE
2024-08-15,21.190000534057617,21.6200008392334,21.18000030517578,21.56999969482422,20.057146072387695,10727900,KVUE
2024-08-16,21.440000534057617,21.709999084472656,21.360000610351562,21.670000076293945,20.15013313293457,11269800,KVUE
2024-08-19,21.729999542236328,21.920000076293945,21.6299991607666,21.639999389648438,20.122234344482422,10019600,KVUE
2024-08-20,21.639999389648438,21.709999084472656,21.395000457763672,21.549999237060547,20.038549423217773,11291400,KVUE
2024-08-21,21.649999618530273,21.850000381469727,21.56999969482422,21.690000534057617,20.168729782104492,8446800,KVUE
2024-08-22,21.690000534057617,21.764999389648438,21.229999542236328,21.559999465942383,20.04784393310547,12239500,KVUE
2024-08-23,21.610000610351562,21.905000686645508,21.600000381469727,21.81999969482422,20.28961181640625,6785500,KVUE
2024-08-26,21.860000610351562,22.05500030517578,21.80500030517578,21.959999084472656,20.4197940826416,9431500,KVUE
2024-08-27,22.0,22.09000015258789,21.739999771118164,21.920000076293945,20.382598876953125,10096300,KVUE
2024-08-28,21.950000762939453,21.957000732421875,21.59000015258789,21.719999313354492,20.196624755859375,7896100,KVUE
2024-08-29,21.809999465942383,21.93000030517578,21.530000686645508,21.75,20.22452163696289,12053500,KVUE
2024-08-30,21.829999923706055,21.954999923706055,21.719999313354492,21.950000762939453,20.41049575805664,14008500,KVUE
2024-09-03,21.75,22.239999771118164,21.649999618530273,22.100000381469727,20.549972534179688,13879900,KVUE
2024-09-04,22.040000915527344,22.6299991607666,22.0,22.510000228881836,20.931217193603516,22620800,KVUE
2024-09-05,22.559999465942383,22.68000030517578,22.3799991607666,22.510000228881836,20.931217193603516,15490300,KVUE
2024-09-06,22.510000228881836,23.0,22.5,22.860000610351562,21.256668090820312,18883300,KVUE
2024-09-09,22.8700008392334,23.229999542236328,22.6299991607666,23.200000762939453,21.57282257080078,21843100,KVUE
2024-09-10,23.15999984741211,23.465999603271484,22.889999389648438,23.049999237060547,21.4333438873291,15021200,KVUE
2024-09-11,23.149999618530273,23.229999542236328,22.674999237060547,23.09000015258789,21.470539093017578,12941500,KVUE
2024-09-12,23.100000381469727,23.190000534057617,22.770000457763672,23.079999923706055,21.461238861083984,9269900,KVUE
2024-09-13,23.15999984741211,23.40999984741211,23.040000915527344,23.389999389648438,21.749494552612305,11090800,KVUE
2024-09-16,23.5,23.549999237060547,23.170000076293945,23.3799991607666,21.740198135375977,9220800,KVUE
2024-09-17,23.469999313354492,23.520000457763672,23.149999618530273,23.389999389648438,21.749494552612305,13263700,KVUE
2024-09-18,23.440000534057617,23.520000457763672,23.075000762939453,23.190000534057617,21.563526153564453,15225500,KVUE
2024-09-19,23.34000015258789,23.450000762939453,22.885000228881836,22.899999618530273,21.29386329650879,13622500,KVUE
2024-09-20,22.829999923706055,23.030000686645508,22.709999084472656,23.020000457763672,21.40544891357422,75871900,KVUE
2024-09-23,22.829999923706055,23.149999618530273,22.760000228881836,23.020000457763672,21.40544891357422,20080800,KVUE
2024-09-24,23.030000686645508,23.19499969482422,22.795000076293945,23.110000610351562,21.489133834838867,14365300,KVUE
2024-09-25,23.209999084472656,23.33300018310547,22.940000534057617,23.0,21.38684844970703,12625600,KVUE
2024-09-26,23.149999618530273,23.290000915527344,23.030000686645508,23.1299991607666,21.507732391357422,12504500,KVUE
2024-09-27,23.139999389648438,23.434999465942383,23.030000686645508,23.260000228881836,21.628616333007812,12450000,KVUE
2024-09-30,23.360000610351562,23.489999771118164,23.075000762939453,23.1299991607666,21.507732391357422,17088300,KVUE
2024-10-01,23.170000076293945,23.18000030517578,22.68000030517578,22.780000686645508,21.182281494140625,13640500,KVUE
2024-10-02,22.700000762939453,22.729999542236328,22.399999618530273,22.6299991607666,21.042800903320312,16504900,KVUE
2024-10-03,22.479999542236328,22.549999237060547,22.25,22.270000457763672,20.708053588867188,10312400,KVUE
2024-10-04,22.299999237060547,22.35099983215332,22.1200008392334,22.15999984741211,20.60576629638672,8451600,KVUE
2024-10-07,22.209999084472656,22.235000610351562,21.8799991607666,21.989999771118164,20.44768714904785,9859300,KVUE
2024-10-08,22.06999969482422,22.075000762939453,21.760000228881836,21.850000381469727,20.317508697509766,11377100,KVUE
2024-10-09,21.81999969482422,21.885000228881836,21.5,21.530000686645508,20.01995086669922,10437800,KVUE
2024-10-10,21.540000915527344,21.600000381469727,21.25,21.31999969482422,19.82468032836914,11911600,KVUE
2024-10-11,21.389999389648438,21.510000228881836,21.309999465942383,21.459999084472656,19.95486068725586,14513000,KVUE
2024-10-14,21.360000610351562,21.684999465942383,21.290000915527344,21.600000381469727,20.08504295349121,18677100,KVUE
2024-10-15,21.59000015258789,21.985000610351562,21.540000915527344,21.760000228881836,20.233821868896484,11925300,KVUE
2024-10-16,21.65999984741211,21.850000381469727,21.6200008392334,21.729999542236328,20.205923080444336,13919600,KVUE
2024-10-17,21.84000015258789,21.84000015258789,21.3700008392334,21.450000762939453,19.94556427001953,12260700,KVUE
2024-10-18,21.510000228881836,21.739999771118164,21.385000228881836,21.719999313354492,20.196624755859375,13309700,KVUE
2024-10-21,22.950000762939453,23.389999389648438,22.799999237060547,22.920000076293945,21.31245994567871,38291800,KVUE
2024-10-22,22.549999237060547,23.049999237060547,22.530000686645508,22.93000030517578,21.321758270263672,18080900,KVUE
2024-10-23,22.81999969482422,22.954999923706055,22.510000228881836,22.760000228881836,21.163681030273438,10664000,KVUE
2024-10-24,22.899999618530273,23.09000015258789,22.774999618530273,22.969999313354492,21.35895538330078,11664200,KVUE
2024-10-25,22.959999084472656,23.020000457763672,22.6299991607666,22.639999389648438,21.05209732055664,8395700,KVUE
2024-10-28,22.850000381469727,22.889999389648438,22.575000762939453,22.8799991607666,21.275266647338867,10540300,KVUE
2024-10-29,22.719999313354492,22.909000396728516,22.6299991607666,22.780000686645508,21.182281494140625,13109200,KVUE
2024-10-30,22.649999618530273,22.989999771118164,22.559999465942383,22.889999389648438,21.284564971923828,15919800,KVUE
2024-10-31,22.68000030517578,23.165000915527344,22.611000061035156,22.93000030517578,21.321758270263672,34406400,KVUE
2024-11-01,22.860000610351562,23.094999313354492,22.719999313354492,22.729999542236328,21.135784149169922,15528900,KVUE
2024-11-04,22.809999465942383,23.225000381469727,22.739999771118164,23.040000915527344,21.42404556274414,17341800,KVUE
2024-11-05,22.940000534057617,23.56999969482422,22.920000076293945,23.229999542236328,21.600719451904297,17781300,KVUE
2024-11-06,23.549999237060547,23.549999237060547,22.30500030517578,22.5,20.921916961669922,16727100,KVUE
2024-11-07,22.170000076293945,23.385000228881836,22.040000915527344,22.969999313354492,21.35895538330078,28744400,KVUE
2024-11-08,22.8700008392334,23.719999313354492,22.84000015258789,23.68000030517578,22.0191593170166,16635100,KVUE
2024-11-11,23.760000228881836,23.8799991607666,23.489999771118164,23.780000686645508,22.112144470214844,13838400,KVUE
2024-11-12,23.760000228881836,23.950000762939453,23.631999969482422,23.649999618530273,21.991260528564453,10714200,KVUE
2024-11-13,23.450000762939453,23.600000381469727,23.040000915527344,23.139999389648438,21.705171585083008,16481200,KVUE
2024-11-14,23.219999313354492,23.75,23.1299991607666,23.610000610351562,22.14603042602539,14017300,KVUE
2024-11-15,23.520000457763672,24.1299991607666,23.440000534057617,23.81999969482422,22.343008041381836,16166900,KVUE
2024-11-18,23.80500030517578,24.0049991607666,23.670000076293945,23.719999313354492,22.24920654296875,14591600,KVUE
2024-11-19,23.59000015258789,23.799999237060547,23.239999771118164,23.690000534057617,22.2210693359375,9838300,KVUE
2024-11-20,23.65999984741211,23.780000686645508,23.562000274658203,23.780000686645508,22.305490493774414,7418800,KVUE
2024-11-21,23.790000915527344,24.239999771118164,23.690000534057617,24.09000015258789,22.596267700195312,8331200,KVUE
2024-11-22,24.25,24.309999465942383,24.000999450683594,24.079999923706055,22.58688735961914,10505900,KVUE
2024-11-25,24.2450008392334,24.399999618530273,23.985000610351562,24.239999771118164,22.736968994140625,26971900,KVUE
2024-11-26,24.274999618530273,24.459999084472656,23.940000534057617,24.1200008392334,22.624406814575195,12315700,KVUE
2024-11-27,24.209999084472656,24.405000686645508,24.049999237060547,24.1299991607666,22.633787155151367,11666900,KVUE
2024-11-29,24.0,24.239999771118164,23.8799991607666,24.079999923706055,22.58688735961914,7516500,KVUE
2024-12-02,24.110000610351562,24.270000457763672,23.875,24.260000228881836,22.755725860595703,10173800,KVUE
2024-12-03,24.1299991607666,24.229999542236328,23.43000030517578,23.479999542236328,22.024091720581055,13665700,KVUE
2024-12-04,23.450000762939453,23.524999618530273,22.174999237060547,23.15999984741211,21.723934173583984,27219800,KVUE
2024-12-05,23.389999389648438,23.459999084472656,23.0,23.1299991607666,21.69579315185547,13914400,KVUE
2024-12-06,23.239999771118164,23.350000381469727,22.81999969482422,22.84000015258789,21.42377471923828,9708800,KVUE
2024-12-09,23.0,23.260000228881836,22.739999771118164,22.809999465942383,21.395633697509766,15267200,KVUE
2024-12-10,22.770000457763672,22.975000381469727,22.389999389648438,22.739999771118164,21.329975128173828,10492300,KVUE
2024-12-11,22.75,22.774999618530273,22.190000534057617,22.219999313354492,20.84221839904785,9433200,KVUE
2024-12-12,21.979999542236328,22.635000228881836,21.763999938964844,22.31999969482422,20.936017990112305,14949900,KVUE
2024-12-13,22.280000686645508,22.309999465942383,21.940000534057617,22.209999084472656,20.832839965820312,9184000,KVUE
2024-12-16,22.329999923706055,22.475000381469727,22.049999237060547,22.06999969482422,20.701520919799805,7786300,KVUE
2024-12-17,22.100000381469727,22.174999237060547,21.860000610351562,22.040000915527344,20.673381805419922,10278500,KVUE
2024-12-18,22.0,22.170000076293945,21.469999313354492,21.510000228881836,20.176240921020508,15271800,KVUE
2024-12-19,21.520000457763672,21.760000228881836,21.420000076293945,21.610000610351562,20.270044326782227,13048400,KVUE
2024-12-20,21.520000457763672,21.969999313354492,21.469999313354492,21.770000457763672,20.420122146606445,22915000,KVUE
2024-12-23,21.709999084472656,21.826000213623047,21.530000686645508,21.59000015258789,20.251279830932617,13256800,KVUE
2024-12-24,21.479999542236328,21.639999389648438,21.3700008392334,21.559999465942383,20.223140716552734,9164900,KVUE
2024-12-26,21.5,21.770000457763672,21.440000534057617,21.719999313354492,20.37322235107422,5970300,KVUE
2024-12-27,21.59000015258789,21.80500030517578,21.530000686645508,21.530000686645508,20.195003509521484,9833600,KVUE
2024-12-30,21.43000030517578,21.459999084472656,21.18000030517578,21.18000030517578,19.86670684814453,7123700,KVUE
2024-12-31,21.25,21.43000030517578,21.219999313354492,21.350000381469727,20.026165008544922,6934200,KVUE
2025-01-02,21.520000457763672,21.579999923706055,21.149999618530273,21.280000686645508,19.96050453186035,8253900,KVUE
2025-01-03,21.31999969482422,21.350000381469727,21.094999313354492,21.200000762939453,19.885467529296875,6079200,KVUE
2025-01-06,21.600000381469727,21.600000381469727,21.059999465942383,21.110000610351562,19.801048278808594,10740100,KVUE
2025-01-07,21.149999618530273,21.31999969482422,20.940000534057617,21.049999237060547,19.74476432800293,8828800,KVUE
2025-01-08,20.989999771118164,21.110000610351562,20.729999542236328,21.100000381469727,19.791667938232422,7579300,KVUE
2025-01-10,20.899999618530273,20.965999603271484,20.68000030517578,20.850000381469727,19.55716896057129,11057100,KVUE
2025-01-13,20.829999923706055,21.09000015258789,20.700000762939453,20.969999313354492,19.66972541809082,12682000,KVUE
2025-01-14,20.979999542236328,21.125,20.93000030517578,21.030000686645508,19.72600746154785,7275900,KVUE
2025-01-15,21.190000534057617,21.257999420166016,20.760000228881836,20.850000381469727,19.55716896057129,10050000,KVUE
2025-01-16,20.739999771118164,21.21500015258789,20.719999313354492,21.190000534057617,19.87608528137207,8810500,KVUE
2025-01-17,21.200000762939453,21.344999313354492,21.030000686645508,21.100000381469727,19.791667938232422,11267000,KVUE
2025-01-21,21.200000762939453,21.219999313354492,20.610000610351562,20.799999237060547,19.51026725769043,19203400,KVUE
2025-01-22,20.799999237060547,20.850000381469727,20.600000381469727,20.75,19.463369369506836,19218300,KVUE
2025-01-23,20.719999313354492,20.81999969482422,20.485000610351562,20.75,19.463369369506836,12575000,KVUE
2025-01-24,20.790000915527344,20.860000610351562,20.71500015258789,20.780000686645508,19.49151039123535,12092500,KVUE
2025-01-27,21.1200008392334,21.540000915527344,21.075000762939453,21.440000534057617,20.110584259033203,15342800,KVUE
2025-01-28,21.399999618530273,21.649999618530273,21.31999969482422,21.360000610351562,20.035547256469727,13831600,KVUE
2025-01-29,21.440000534057617,21.510000228881836,21.209999084472656,21.309999465942383,19.988643646240234,12249200,KVUE
2025-01-30,21.5,21.770000457763672,21.3799991607666,21.719999313354492,20.37322235107422,11733100,KVUE
2025-01-31,21.40999984741211,21.6299991607666,21.274999618530273,21.290000915527344,19.969886779785156,16433400,KVUE
2025-02-03,21.18000030517578,21.274999618530273,21.049999237060547,21.229999542236328,19.913602828979492,9693600,KVUE
2025-02-04,20.90999984741211,21.1200008392334,20.739999771118164,20.809999465942383,19.51964569091797,11813700,KVUE
2025-02-05,21.0,21.049999237060547,20.59000015258789,20.739999771118164,19.45398712158203,19231100,KVUE
2025-02-06,20.53499984741211,21.100000381469727,19.75,19.799999237060547,18.5722713470459,25808800,KVUE
2025-02-07,19.899999618530273,20.229999542236328,19.84000015258789,20.18000030517578,18.9287109375,17734300,KVUE
2025-02-10,20.270000457763672,20.739999771118164,20.200000762939453,20.579999923706055,19.30390739440918,14043000,KVUE
2025-02-11,20.59000015258789,20.959999084472656,20.530000686645508,20.90999984741211,19.613447189331055,10921800,KVUE
2025-02-12,20.530000686645508,21.024999618530273,20.500999450683594,20.959999084472656,19.855003356933594,10317000,KVUE
2025-02-13,20.899999618530273,21.584999084472656,20.8799991607666,21.450000762939453,20.319171905517578,14062000,KVUE
2025-02-14,21.469999313354492,22.139999389648438,21.354999542236328,21.93000030517578,20.773868560791016,27015700,KVUE
2025-02-18,21.790000915527344,22.200000762939453,21.725000381469727,22.0,20.840177536010742,14108300,KVUE
2025-02-19,22.1299991607666,22.315000534057617,21.790000915527344,22.270000457763672,21.095943450927734,14198000,KVUE
2025-02-20,22.270000457763672,22.579999923706055,21.885000228881836,22.389999389648438,21.20961570739746,19044800,KVUE
2025-02-21,22.360000610351562,23.440000534057617,22.34000015258789,23.31999969482422,22.090585708618164,25663000,KVUE
2025-02-24,23.299999237060547,23.53499984741211,22.950000762939453,23.299999237060547,22.071640014648438,18229000,KVUE
2025-02-25,23.299999237060547,23.700000762939453,23.225000381469727,23.3700008392334,22.137948989868164,22641600,KVUE
2025-02-26,23.399999618530273,23.440000534057617,22.895000457763672,23.219999313354492,21.995859146118164,14615800,KVUE
2025-02-27,23.059999465942383,23.2450008392334,22.829999923706055,23.139999389648438,21.920076370239258,15159100,KVUE
2025-02-28,23.25,23.6299991607666,23.145000457763672,23.600000381469727,22.355825424194336,30981700,KVUE
2025-03-03,23.5,23.889999389648438,23.469999313354492,23.790000915527344,22.535810470581055,12834400,KVUE
2025-03-04,23.920000076293945,24.360000610351562,23.40999984741211,23.420000076293945,22.185314178466797,15368100,KVUE
2025-03-05,23.43000030517578,23.479999542236328,22.825000762939453,23.040000915527344,21.825349807739258,17384400,KVUE
2025-03-06,23.09000015258789,23.239999771118164,22.940000534057617,23.18000030517578,21.95796775817871,9739200,KVUE
2025-03-07,23.030000686645508,23.610000610351562,23.020000457763672,23.420000076293945,22.185314178466797,14446300,KVUE
2025-03-10,23.530000686645508,24.354999542236328,23.440000534057617,23.920000076293945,22.65895652770996,18035100,KVUE
2025-03-11,24.049999237060547,24.149999618530273,23.3799991607666,23.489999771118164,22.251623153686523,16475100,KVUE
2025-03-12,23.079999923706055,23.299999237060547,22.774999618530273,23.06999969482422,21.853769302368164,13897400,KVUE
2025-03-13,23.100000381469727,23.350000381469727,22.940000534057617,23.18000030517578,21.95796775817871,16433800,KVUE
2025-03-14,23.219999313354492,23.25,22.71500015258789,22.809999465942383,21.607473373413086,15798900,KVUE
2025-03-17,22.969999313354492,23.655000686645508,22.788000106811523,23.40999984741211,22.175840377807617,16372400,KVUE
2025-03-18,23.399999618530273,23.68000030517578,23.290000915527344,23.34000015258789,22.109533309936523,16840600,KVUE
2025-03-19,23.190000534057617,23.530000686645508,23.149999618530273,23.530000686645508,22.28951644897461,9646900,KVUE
2025-03-20,23.440000534057617,23.670000076293945,23.225000381469727,23.389999389648438,22.156896591186523,16508300,KVUE
2025-03-21,23.299999237060547,23.3799991607666,22.959999084472656,23.309999465942383,22.081113815307617,35334700,KVUE
2025-03-24,23.149999618530273,23.59000015258789,23.09000015258789,23.3700008392334,22.137948989868164,13187600,KVUE
2025-03-25,23.469999313354492,23.489999771118164,22.969999313354492,23.100000381469727,21.882186889648438,14987800,KVUE
2025-03-26,23.100000381469727,23.420000076293945,22.799999237060547,23.399999618530273,22.16636848449707,9473400,KVUE
2025-03-27,23.459999084472656,23.698999404907227,23.40999984741211,23.5,22.261096954345703,13790600,KVUE
2025-03-28,23.600000381469727,23.770000457763672,23.430999755859375,23.700000762939453,22.45055389404297,14401300,KVUE
2025-03-31,23.84000015258789,24.03499984741211,23.6200008392334,23.979999542236328,22.715791702270508,16360100,KVUE
2025-04-01,24.020000457763672,24.040000915527344,23.760000228881836,23.8799991607666,22.621061325073242,11113800,KVUE
2025-04-02,23.850000381469727,24.075000762939453,23.610000610351562,23.8700008392334,22.611591339111328,14093800,KVUE
2025-04-03,24.0,24.229999542236328,23.325000762939453,23.6200008392334,22.37476921081543,21704000,KVUE
2025-04-04,23.670000076293945,23.780000686645508,22.270000457763672,22.329999923706055,21.15277862548828,17771400,KVUE
2025-04-07,22.010000228881836,22.46500015258789,21.3700008392334,21.770000457763672,20.62230110168457,26882400,KVUE
2025-04-08,22.100000381469727,22.219999313354492,21.28499984741211,21.489999771118164,20.35706329345703,13443000,KVUE
2025-04-09,21.209999084472656,22.15999984741211,20.959999084472656,21.780000686645508,20.631772994995117,22036500,KVUE
2025-04-10,21.700000762939453,22.110000610351562,21.40999984741211,21.8700008392334,20.717031478881836,16963500,KVUE
2025-04-11,21.979999542236328,22.235000610351562,21.6299991607666,22.09000015258789,20.925432205200195,13221700,KVUE
2025-04-14,22.3700008392334,22.888999938964844,22.190000534057617,22.709999084472656,21.51274299621582,16487900,KVUE
2025-04-15,22.709999084472656,23.1200008392334,22.559999465942383,22.90999984741211,21.70220184326172,22262800,KVUE
2025-04-16,23.059999465942383,23.209999084472656,22.6200008392334,22.729999542236328,21.531688690185547,28527600,KVUE
2025-04-17,22.719999313354492,23.530000686645508,22.719999313354492,23.389999389648438,22.156896591186523,22595700,KVUE
2025-04-21,23.329999923706055,23.3799991607666,22.020000457763672,22.270000457763672,21.095943450927734,20885900,KVUE
2025-04-22,22.559999465942383,23.225000381469727,22.440000534057617,23.190000534057617,21.96744155883789,25918800,KVUE
2025-04-23,22.96500015258789,23.190000534057617,22.739999771118164,22.940000534057617,21.730621337890625,13015000,KVUE
2025-04-24,22.920000076293945,22.940000534057617,22.540000915527344,22.75,21.55063819885254,15417600,KVUE
2025-04-25,22.8799991607666,23.459999084472656,22.385000228881836,23.010000228881836,21.79693031311035,22249600,KVUE
2025-04-28,22.979999542236328,23.229999542236328,22.899999618530273,23.110000610351562,21.89165687561035,12011900,KVUE
2025-04-29,22.979999542236328,23.440000534057617,22.600000381469727,23.3799991607666,22.147422790527344,13526300,KVUE
2025-04-30,23.5,23.719999313354492,23.184999465942383,23.600000381469727,22.355825424194336,15990400,KVUE
2025-05-01,23.350000381469727,24.040000915527344,23.15999984741211,23.959999084472656,22.69684410095215,15132800,KVUE
2025-05-02,24.059999465942383,24.200000762939453,23.670000076293945,23.979999542236328,22.715791702270508,14097700,KVUE
2025-05-05,23.940000534057617,23.979999542236328,23.415000915527344,23.639999389648438,22.39371681213379,23279500,KVUE
2025-05-06,23.479999542236328,23.69499969482422,23.3700008392334,23.56999969482422,22.32740592956543,15082400,KVUE
2025-05-07,23.510000228881836,23.625,23.0049991607666,23.110000610351562,21.89165687561035,36329100,KVUE
2025-05-08,24.5,25.170000076293945,23.969999313354492,24.059999465942383,22.791574478149414,33046700,KVUE
2025-05-09,24.049999237060547,24.5,24.010000228881836,24.440000534057617,23.151538848876953,24395100,KVUE
2025-05-12,24.260000228881836,24.610000610351562,23.899999618530273,24.0,22.734737396240234,15042200,KVUE
2025-05-13,23.899999618530273,24.0,23.5,23.65999984741211,22.412662506103516,17777300,KVUE
2025-05-14,23.399999618530273,23.569000244140625,23.09000015258789,23.200000762939453,22.168996810913086,13383200,KVUE
2025-05-15,23.43000030517578,23.9950008392334,23.31999969482422,23.8799991607666,22.818775177001953,18331200,KVUE
2025-05-16,24.020000457763672,24.229999542236328,23.899999618530273,24.18000030517578,23.105443954467773,20725200,KVUE
2025-05-19,24.219999313354492,24.270000457763672,23.8799991607666,24.0,22.933443069458008,22180000,KVUE
2025-05-20,24.0,24.190000534057617,23.920000076293945,24.1299991607666,23.05766487121582,16356900,KVUE
2025-05-21,24.079999923706055,24.354999542236328,23.93000030517578,24.0,22.933443069458008,15095600,KVUE
2025-05-22,24.0,24.030000686645508,23.469999313354492,23.5,22.455663681030273,13277400,KVUE
2025-05-23,23.639999389648438,23.76799964904785,23.405000686645508,23.729999542236328,22.67544174194336,10164000,KVUE
2025-05-27,23.860000610351562,24.0,23.635000228881836,23.93000030517578,22.866554260253906,11682500,KVUE
2025-05-28,23.920000076293945,23.940000534057617,23.399999618530273,23.549999237060547,22.50343894958496,10980800,KVUE
2025-05-29,23.510000228881836,23.725000381469727,23.469999313354492,23.579999923706055,22.532108306884766,19711500,KVUE
2025-05-30,23.68000030517578,23.899999618530273,23.459999084472656,23.8700008392334,22.809221267700195,30017400,KVUE
2025-06-02,23.649999618530273,23.780000686645508,23.350000381469727,23.670000076293945,22.61810874938965,9774700,KVUE
2025-06-03,23.6299991607666,23.6299991607666,21.815000534057617,22.209999084472656,21.22298812866211,41957100,KVUE
2025-06-04,22.280000686645508,22.43000030517578,21.649999618530273,21.68000030517578,20.716543197631836,25027800,KVUE
2025-06-05,21.68000030517578,21.905000686645508,21.34000015258789,21.649999618530273,20.687875747680664,16854800,KVUE
2025-06-06,21.690000534057617,21.90999984741211,21.649999618530273,21.729999542236328,20.764318466186523,9670500,KVUE
2025-06-09,21.59000015258789,21.670000076293945,21.280000686645508,21.299999237060547,20.353429794311523,20375200,KVUE
2025-06-10,21.389999389648438,21.59000015258789,21.30500030517578,21.520000457763672,20.563655853271484,14937400,KVUE
2025-06-11,21.514999389648438,21.854999542236328,21.459999084472656,21.850000381469727,20.878990173339844,22313400,KVUE
2025-06-12,21.75,22.139999389648438,21.670000076293945,22.040000915527344,21.060546875,28059400,KVUE
2025-06-13,21.959999084472656,22.065000534057617,21.329999923706055,21.450000762939453,20.49676513671875,37242900,KVUE
2025-06-16,21.649999618530273,22.030000686645508,21.440000534057617,21.649999618530273,20.687875747680664,16345200,KVUE
2025-06-17,21.600000381469727,21.81999969482422,21.420000076293945,21.440000534057617,20.487211227416992,17940900,KVUE
2025-06-18,21.40999984741211,21.540000915527344,21.1200008392334,21.360000610351562,20.4107666015625,14259300,KVUE
2025-06-20,21.389999389648438,21.700000762939453,21.34000015258789,21.389999389648438,20.439430236816406,24956500,KVUE
2025-06-23,21.399999618530273,21.46500015258789,21.030000686645508,21.3700008392334,20.420320510864258,14174300,KVUE
2025-06-24,21.290000915527344,21.489999771118164,21.1200008392334,21.190000534057617,20.248319625854492,16640400,KVUE
2025-06-25,21.125,21.389999389648438,21.0,21.170000076293945,20.22920799255371,16355800,KVUE
2025-06-26,21.1299991607666,21.174999237060547,20.93000030517578,21.110000610351562,20.171875,16341600,KVUE
2025-06-27,21.15999984741211,21.219999313354492,20.809999465942383,20.8799991607666,19.95209312438965,24150300,KVUE
2025-06-30,20.860000610351562,21.010000228881836,20.735000610351562,20.93000030517578,19.999874114990234,21679400,KVUE
2025-07-01,20.940000534057617,21.34000015258789,20.905000686645508,20.969999313354492,20.038095474243164,17882900,KVUE
2025-07-02,20.979999542236328,21.030000686645508,20.690000534057617,20.899999618530273,19.971206665039062,18186700,KVUE
2025-07-03,20.989999771118164,21.125,20.850000381469727,21.049999237060547,20.114540100097656,6093100,KVUE
2025-07-07,21.010000228881836,21.145000457763672,20.809999465942383,20.899999618530273,19.971206665039062,11616800,KVUE
2025-07-08,20.75,20.850000381469727,20.479999542236328,20.700000762939453,19.78009605407715,16971400,KVUE
2025-07-09,20.799999237060547,20.8700008392334,20.510000228881836,20.760000228881836,19.837430953979492,15930200,KVUE
2025-07-10,20.790000915527344,21.100000381469727,20.75,20.920000076293945,19.990318298339844,12723700,KVUE
2025-07-11,20.81999969482422,21.475000381469727,20.645000457763672,21.34000015258789,20.391651153564453,25967600,KVUE
2025-07-14,22.579999923706055,22.59000015258789,20.96500015258789,21.81999969482422,20.850322723388672,58614500,KVUE
2025-07-15,21.575000762939453,21.829999923706055,21.170000076293945,21.389999389648438,20.439430236816406,31071000,KVUE
2025-07-16,21.309999465942383,21.920000076293945,21.290000915527344,21.850000381469727,20.878990173339844,21829100,KVUE
2025-07-17,21.829999923706055,22.020000457763672,21.621000289916992,21.850000381469727,20.878990173339844,13172800,KVUE
2025-07-18,21.950000762939453,22.229999542236328,21.908000946044922,22.0,21.022321701049805,12727200,KVUE
2025-07-21,21.969999313354492,22.299999237060547,21.80299949645996,22.1299991607666,21.146543502807617,10716600,KVUE
2025-07-22,22.020000457763672,22.704999923706055,22.0,22.670000076293945,21.66254997253418,13673000,KVUE
2025-07-23,22.709999084472656,22.783000946044922,22.350000381469727,22.540000915527344,21.538326263427734,18382400,KVUE
2025-07-24,22.56999969482422,22.649999618530273,22.415000915527344,22.5,21.500104904174805,6740100,KVUE
2025-07-25,22.459999084472656,22.8700008392334,22.309999465942383,22.84000015258789,21.824993133544922,9690400,KVUE
2025-07-28,22.6299991607666,22.739999771118164,22.350000381469727,22.360000610351562,21.36632537841797,9230800,KVUE
2025-07-29,22.3799991607666,22.440000534057617,21.530000686645508,22.170000076293945,21.18476676940918,28088900,KVUE
2025-07-30,22.18000030517578,22.350000381469727,21.670000076293945,21.68000030517578,20.716543197631836,15348500,KVUE
2025-07-31,21.479999542236328,21.854999542236328,21.325000762939453,21.440000534057617,20.487211227416992,29026400,KVUE
2025-08-01,21.709999084472656,21.75,21.405000686645508,21.59000015258789,20.630544662475586,13846400,KVUE
2025-08-04,21.440000534057617,22.28499984741211,21.420000076293945,22.18000030517578,21.194324493408203,32707600,KVUE
2025-08-05,22.139999389648438,22.219999313354492,21.639999389648438,21.639999389648438,20.67831802368164,18068900,KVUE
2025-08-06,21.68000030517578,21.780000686645508,21.40999984741211,21.440000534057617,20.487211227416992,32966700,KVUE
2025-08-07,21.3799991607666,21.959999084472656,21.1200008392334,21.760000228881836,20.79298973083496,30407500,KVUE
2025-08-08,21.6200008392334,21.829999923706055,20.959999084472656,21.34000015258789,20.391651153564453,25925000,KVUE
2025-08-11,21.3799991607666,21.440000534057617,20.969999313354492,21.219999313354492,20.27698516845703,18729400,KVUE
2025-08-12,21.25,21.93000030517578,20.989999771118164,21.899999618530273,20.926767349243164,16072100,KVUE
2025-08-13,21.760000228881836,21.954999923706055,21.3799991607666,21.709999084472656,20.94413185119629,12908800,KVUE
2025-08-14,21.559999465942383,21.594999313354492,20.825000762939453,21.059999465942383,20.317062377929688,17355400,KVUE
2025-08-15,21.200000762939453,21.290000915527344,20.9950008392334,21.200000762939453,20.45212173461914,16054000,KVUE
2025-08-18,21.18000030517578,21.290000915527344,20.969999313354492,21.100000381469727,20.35565185546875,13241000,KVUE
2025-08-19,21.200000762939453,21.540000915527344,21.09000015258789,21.489999771118164,20.731891632080078,13902100,KVUE
2025-08-20,21.56999969482422,21.844999313354492,21.399999618530273,21.6299991607666,20.866952896118164,10076900,KVUE
2025-08-21,21.43000030517578,21.59000015258789,21.350000381469727,21.440000534057617,20.683658599853516,8979400,KVUE
2025-08-22,21.510000228881836,21.780000686645508,21.475000381469727,21.610000610351562,20.847660064697266,8620200,KVUE
2025-08-25,21.540000915527344,21.6299991607666,21.15999984741211,21.190000534057617,20.442476272583008,8122900,KVUE
2025-08-26,21.260000228881836,21.399999618530273,20.75,20.790000915527344,20.05658721923828,18006000,KVUE
2025-08-27,20.780000686645508,20.950000762939453,20.709999084472656,20.75,20.01799774169922,16465100,KVUE
2025-08-28,20.770000457763672,20.80500030517578,20.43000030517578,20.540000915527344,19.815406799316406,13467600,KVUE
2025-08-29,20.549999237060547,20.760000228881836,20.5,20.709999084472656,19.979408264160156,10307400,KVUE
2025-09-02,20.65999984741211,20.81999969482422,20.59000015258789,20.780000686645508,20.046937942504883,11719600,KVUE
2025-09-03,20.690000534057617,20.78499984741211,20.40999984741211,20.450000762939453,19.728580474853516,19118200,KVUE
2025-09-04,20.530000686645508,20.565000534057617,20.260000228881836,20.540000915527344,19.815406799316406,16966400,KVUE
2025-09-05,20.510000228881836,20.690000534057617,17.145000457763672,18.6200008392334,17.963138580322266,135445400,KVUE
2025-09-08,18.75,18.93000030517578,18.200000762939453,18.43000030517578,17.77984046936035,56135000,KVUE
2025-09-09,18.5,18.969999313354492,18.1200008392334,18.8700008392334,18.20431900024414,39520400,KVUE
2025-09-10,18.8799991607666,18.950000762939453,18.049999237060547,18.469999313354492,17.818429946899414,25229000,KVUE
2025-09-11,18.43000030517578,19.040000915527344,18.40999984741211,18.850000381469727,18.18502426147461,22265500,KVUE
2025-09-12,18.81999969482422,19.420000076293945,18.770000457763672,18.989999771118164,18.320085525512695,26731000,KVUE
2025-09-15,18.989999771118164,19.010000228881836,18.084999084472656,18.25,17.606189727783203,24893300,KVUE
2025-09-16,18.350000381469727,18.579999923706055,18.0,18.1299991607666,17.49042320251465,19689000,KVUE
2025-09-17,18.1299991607666,18.614999771118164,18.020000457763672,18.34000015258789,17.693016052246094,17820400,KVUE
2025-09-18,18.18000030517578,18.530000686645508,18.049999237060547,18.100000381469727,17.461483001708984,27556700,KVUE
2025-09-19,18.209999084472656,18.59000015258789,18.045000076293945,18.34000015258789,17.693016052246094,49475600,KVUE
2025-09-22,17.709999084472656,17.959999084472656,16.885000228881836,16.969999313354492,16.37134552001953,76034200,KVUE
2025-09-23,17.899999618530273,18.190000534057617,17.219999313354492,17.239999771118164,16.631820678710938,68556700,KVUE
2025-09-24,17.510000228881836,17.510000228881836,16.531999588012695,16.860000610351562,16.265226364135742,52306400,KVUE
2025-09-25,16.959999084472656,17.030000686645508,16.139999389648438,16.170000076293945,15.599567413330078,61109000,KVUE
2025-09-26,16.420000076293945,16.559999465942383,16.06999969482422,16.420000076293945,15.84074878692627,51681100,KVUE
2025-09-29,16.5,16.600000381469727,16.1299991607666,16.34000015258789,15.763569831848145,39463500,KVUE
2025-09-30,16.360000610351562,16.520000457763672,16.15999984741211,16.229999542236328,15.657449722290039,37973600,KVUE
2025-10-01,16.219999313354492,16.399999618530273,15.819999694824219,15.850000381469727,15.29085636138916,50561200,KVUE
2025-10-02,15.920000076293945,15.935999870300293,15.470000267028809,15.729999542236328,15.175088882446289,30873300,KVUE
2025-10-03,15.770000457763672,15.960000038146973,15.600000381469727,15.8100004196167,15.252267837524414,22120200,KVUE
2025-10-06,15.829999923706055,15.920000076293945,15.649999618530273,15.6899995803833,15.136500358581543,25054700,KVUE
2025-10-07,15.729999542236328,16.299999237060547,15.640000343322754,16.219999313354492,15.647801399230957,31078400,KVUE
2025-10-08,16.100000381469727,16.290000915527344,16.024999618530273,16.079999923706055,15.51274299621582,18797500,KVUE
2025-10-09,16.170000076293945,16.850000381469727,16.059999465942383,16.84000015258789,16.24593162536621,39063200,KVUE
2025-10-10,16.850000381469727,16.950000762939453,16.56999969482422,16.649999618530273,16.06263542175293,21210900,KVUE
2025-10-13,16.559999465942383,16.645000457763672,16.139999389648438,16.219999313354492,15.647801399230957,23283000,KVUE
2025-10-14,16.200000762939453,16.405000686645508,15.989999771118164,16.149999618530273,15.58027172088623,17858800,KVUE
2025-10-15,16.200000762939453,16.729999542236328,16.18000030517578,16.260000228881836,15.686391830444336,16035800,KVUE
2025-10-16,16.280000686645508,16.43000030517578,14.050000190734863,14.109999656677246,13.612237930297852,87211200,KVUE
2025-10-17,14.220000267028809,15.574999809265137,14.220000267028809,15.289999961853027,14.750611305236816,51896500,KVUE
2025-10-20,15.170000076293945,15.260000228881836,14.880999565124512,14.960000038146973,14.432251930236816,29629300,KVUE
2025-10-21,15.100000381469727,15.25,14.805000305175781,14.930000305175781,14.403311729431152,25586000,KVUE
2025-10-22,14.9399995803833,15.539999961853027,14.869999885559082,15.1899995803833,14.654138565063477,23711600,KVUE
2025-10-23,15.15999984741211,15.25,14.994999885559082,15.09000015258789,14.557666778564453,20422400,KVUE
2025-10-24,15.239999771118164,15.329999923706055,14.979999542236328,15.0,14.470841407775879,20455000,KVUE
2025-10-27,15.100000381469727,15.229999542236328,14.885000228881836,15.079999923706055,14.548019409179688,18913800,KVUE
2025-10-28,14.899999618530273,14.925000190734863,14.430000305175781,14.510000228881836,13.998127937316895,29928100,KVUE
2025-10-29,14.34000015258789,15.079999923706055,14.09000015258789,14.3100004196167,13.805183410644531,64351200,KVUE
2025-10-30,14.359999656677246,14.369999885559082,14.020000457763672,14.239999771118164,13.737651824951172,34414100,KVUE
2025-10-31,14.239999771118164,14.40999984741211,14.0600004196167,14.369999885559082,13.863066673278809,46602300,KVUE
2025-11-03,17.065000534057617,17.18000030517578,16.135000228881836,16.139999389648438,15.570624351501465,203526000,KVUE
2025-11-04,16.1299991607666,16.43000030517578,15.880000114440918,15.970000267028809,15.406622886657715,82978500,KVUE
2025-11-05,16.010000228881836,16.450000762939453,15.949999809265137,16.229999542236328,15.657449722290039,59492800,KVUE
2025-11-06,16.219999313354492,16.739999771118164,16.200000762939453,16.459999084472656,15.879337310791016,63905400,KVUE
2025-11-07,16.510000228881836,17.040000915527344,16.489999771118164,16.8799991607666,16.28451919555664,47283800,KVUE
2025-11-10,16.739999771118164,16.889999389648438,16.469999313354492,16.770000457763672,16.17840003967285,43689200,KVUE
2025-11-11,16.780000686645508,17.040000915527344,16.700000762939453,16.719999313354492,16.130163192749023,28741500,KVUE
2025-11-12,16.65999984741211,17.040000915527344,16.610000610351562,16.670000076293945,16.28451156616211,34933500,KVUE
2025-11-13,16.790000915527344,17.059999465942383,16.75,16.770000457763672,16.382198333740234,30762100,KVUE
2025-11-14,16.81999969482422,16.979999542236328,16.639999389648438,16.65999984741211,16.274742126464844,34737900,KVUE
2025-11-17,16.690000534057617,17.239999771118164,15.9399995803833,16.239999771118164,15.86445426940918,54955600,KVUE
2025-11-18,16.440000534057617,16.604999542236328,16.100000381469727,16.229999542236328,15.85468578338623,44935300,KVUE
2025-11-19,16.239999771118164,16.280000686645508,16.0,16.059999465942383,15.688616752624512,30635600,KVUE
2025-11-20,16.1200008392334,16.445999145507812,16.06999969482422,16.149999618530273,15.776535987854004,27266900,KVUE
2025-11-21,16.25,16.75,16.200000762939453,16.639999389648438,16.255203247070312,46900000,KVUE
2025-11-24,16.6200008392334,16.90999984741211,16.479999542236328,16.760000228881836,16.3724308013916,69858400,KVUE
2025-11-25,16.799999237060547,17.059999465942383,16.760000228881836,17.030000686645508,16.636186599731445,46709500,KVUE
2025-11-26,16.979999542236328,17.469999313354492,16.959999084472656,17.219999313354492,16.821792602539062,46265500,KVUE
2025-11-28,17.200000762939453,17.40999984741211,17.15999984741211,17.350000381469727,16.948787689208984,9197800,KVUE
2025-12-01,17.295000076293945,17.549999237060547,17.209999084472656,17.219999313354492,16.821792602539062,26675100,KVUE
2025-12-02,17.1200008392334,17.148000717163086,16.829999923706055,16.860000610351562,16.47011947631836,30996900,KVUE
2025-12-03,16.950000762939453,17.049999237060547,16.75,16.969999313354492,16.577573776245117,41596100,KVUE
2025-12-04,16.950000762939453,17.190000534057617,16.920000076293945,16.989999771118164,16.597110748291016,38194800,KVUE
2025-12-05,16.93000030517578,17.084999084472656,16.825000762939453,16.93000030517578,16.53849983215332,21148100,KVUE
2025-12-08,16.8700008392334,16.90999984741211,16.700000762939453,16.760000228881836,16.3724308013916,25717700,KVUE
2025-12-09,16.780000686645508,17.079999923706055,16.760000228881836,17.020000457763672,16.62641716003418,37343400,KVUE
2025-12-10,17.0,17.350000381469727,16.979999542236328,17.31999969482422,16.91948127746582,34842800,KVUE
2025-12-11,17.31999969482422,17.58799934387207,17.239999771118164,17.31999969482422,16.91948127746582,57405300,KVUE
2025-12-12,17.399999618530273,17.489999771118164,17.299999237060547,17.329999923706055,16.929248809814453,46965300,KVUE
2025-12-15,17.350000381469727,17.3799991607666,17.18000030517578,17.209999084472656,16.812023162841797,46841600,KVUE
2025-12-16,17.3799991607666,17.440000534057617,17.139999389648438,17.25,16.851099014282227,24567300,KVUE
2025-12-17,17.270000457763672,17.479999542236328,17.2450008392334,17.280000686645508,16.880407333374023,38076600,KVUE
2025-12-18,17.280000686645508,17.399999618530273,17.06999969482422,17.100000381469727,16.704566955566406,53627200,KVUE
2025-12-19,17.15999984741211,17.15999984741211,16.959999084472656,17.020000457763672,16.62641716003418,49715800,KVUE
2025-12-22,16.979999542236328,17.065000534057617,16.924999237060547,17.010000228881836,16.616649627685547,33898800,KVUE
2025-12-23,17.010000228881836,17.1200008392334,16.93000030517578,17.020000457763672,16.62641716003418,27073500,KVUE
2025-12-24,17.0,17.236000061035156,16.9950008392334,17.209999084472656,16.812023162841797,14126800,KVUE
2025-12-26,17.170000076293945,17.309999465942383,17.145000457763672,17.190000534057617,16.7924861907959,15562000,KVUE
2025-12-29,17.209999084472656,17.299999237060547,17.15999984741211,17.190000534057617,16.7924861907959,22675900,KVUE
2025-12-30,17.200000762939453,17.360000610351562,17.170000076293945,17.329999923706055,16.929248809814453,14425300,KVUE
2025-12-31,17.31999969482422,17.3700008392334,17.25,17.25,16.851099014282227,12844300,KVUE
2026-01-02,17.270000457763672,17.420000076293945,17.18000030517578,17.31999969482422,16.91948127746582,33294700,KVUE
2026-01-05,17.219999313354492,17.2450008392334,16.780000686645508,16.81999969482422,16.431041717529297,47367200,KVUE
2026-01-06,16.760000228881836,16.899999618530273,16.719999313354492,16.75,16.362661361694336,32121000,KVUE
2026-01-07,16.700000762939453,16.815000534057617,16.55500030517578,16.739999771118164,16.35289192199707,40803000,KVUE
2026-01-08,16.665000915527344,17.045000076293945,16.6299991607666,16.989999771118164,16.597110748291016,32662100,KVUE
2026-01-09,17.049999237060547,17.049999237060547,16.75,16.829999923706055,16.440811157226562,57493100,KVUE
2026-01-12,16.84000015258789,17.200000762939453,16.84000015258789,17.0,16.60688018798828,44658100,KVUE
2026-01-13,17.030000686645508,17.190000534057617,16.899999618530273,17.010000228881836,16.616649627685547,43774200,KVUE
2026-01-14,17.030000686645508,17.18000030517578,17.020000457763672,17.1200008392334,16.724105834960938,47245500,KVUE
2026-01-15,17.059999465942383,17.406999588012695,17.045000076293945,17.260000228881836,16.860868453979492,43584800,KVUE
2026-01-16,17.200000762939453,17.290000915527344,17.059999465942383,17.200000762939453,16.802255630493164,57433300,KVUE
2026-01-20,17.100000381469727,17.59000015258789,16.989999771118164,17.59000015258789,17.18323516845703,75981800,KVUE
2026-01-21,17.579999923706055,17.594999313354492,17.270000457763672,17.3799991607666,16.978090286254883,40624600,KVUE
2026-01-22,17.31999969482422,17.809999465942383,17.309999465942383,17.75,17.339536666870117,67117300,KVUE
2026-01-23,17.760000228881836,17.829999923706055,17.649999618530273,17.799999237060547,17.388378143310547,43896000,KVUE
2026-01-26,17.790000915527344,17.888999938964844,17.415000915527344,17.639999389648438,17.232080459594727,60882400,KVUE
2026-01-27,17.700000762939453,17.8700008392334,17.43000030517578,17.5,17.095317840576172,79353400,KVUE
2026-01-28,17.5,17.610000610351562,17.15999984741211,17.34000015258789,16.939016342163086,56730800,KVUE
2026-01-29,17.3799991607666,17.440000534057617,17.174999237060547,17.200000762939453,16.802255630493164,42655000,KVUE
2026-01-30,17.190000534057617,17.450000762939453,17.135000228881836,17.399999618530273,16.997629165649414,35778600,KVUE
2026-02-02,17.424999237060547,17.485000610351562,17.239999771118164,17.3799991607666,16.978090286254883,24977100,KVUE
2026-02-03,17.25,17.700000762939453,17.25,17.59000015258789,17.18323516845703,45811900,KVUE
2026-02-04,17.600000381469727,18.100000381469727,17.59000015258789,18.010000228881836,17.593523025512695,94249300,KVUE
2026-02-05,18.110000610351562,18.219999313354492,17.81999969482422,18.06999969482422,17.652135848999023,108838700,KVUE
2026-02-06,18.020000457763672,18.177000045776367,18.014999389648438,18.1299991607666,17.71074867248535,63459000,KVUE
2026-02-09,18.100000381469727,18.209999084472656,17.98200035095215,18.18000030517578,17.759592056274414,91503300,KVUE
2026-02-10,18.209999084472656,18.549999237060547,18.165000915527344,18.31999969482422,17.89635467529297,99757300,KVUE
2026-02-11,18.100000381469727,18.540000915527344,17.959999084472656,18.540000915527344,18.31926155090332,45922000,KVUE
2026-02-12,18.469999313354492,18.969999313354492,18.440000534057617,18.549999237060547,18.329139709472656,64736200,KVUE
2026-02-13,18.639999389648438,18.795000076293945,18.530000686645508,18.700000762939453,18.47735595703125,45438800,KVUE
2026-02-17,18.75,18.84000015258789,18.402000427246094,18.40999984741211,18.190807342529297,48334700,KVUE
2026-02-18,18.540000915527344,18.96500015258789,18.389999389648438,18.8799991607666,18.655210494995117,49139100,KVUE
2026-02-19,18.93000030517578,18.94499969482422,18.540000915527344,18.65999984741211,18.43783187866211,37932900,KVUE
2026-02-20,18.700000762939453,18.860000610351562,18.6200008392334,18.719999313354492,18.497116088867188,45306500,KVUE
2026-02-23,18.639999389648438,19.010000228881836,18.610000610351562,18.950000762939453,18.72437858581543,20873400,KVUE
2026-02-24,18.950000762939453,19.079999923706055,18.8700008392334,19.010000228881836,18.78366470336914,23431600,KVUE
2026-02-25,18.969999313354492,19.04199981689453,18.6200008392334,18.770000457763672,18.54652214050293,45350400,KVUE
2026-02-26,18.90999984741211,19.020000457763672,18.81999969482422,19.0,18.77378273010254,35205100,KVUE
2026-02-27,19.040000915527344,19.18000030517578,18.93000030517578,19.1200008392334,18.89235496520996,24293100,KVUE
2026-03-02,19.05500030517578,19.110000610351562,18.84000015258789,18.889999389648438,18.66509246826172,34825100,KVUE
2026-03-03,18.71500015258789,18.780000686645508,18.100000381469727,18.149999618530273,17.933902740478516,33694700,KVUE
2026-03-04,18.200000762939453,18.30500030517578,17.989999771118164,18.190000534057617,17.973426818847656,40715600,KVUE
2026-03-05,18.0,18.290000915527344,17.93000030517578,18.25,18.032712936401367,43632600,KVUE
2026-03-06,18.09000015258789,18.44499969482422,17.954999923706055,18.389999389648438,18.171045303344727,19035200,KVUE
2026-03-09,18.190000534057617,18.243000030517578,18.010000228881836,18.15999984741211,17.943784713745117,29336900,KVUE
2026-03-10,18.1200008392334,18.139999389648438,17.8700008392334,17.959999084472656,17.746164321899414,30105500,KVUE
2026-03-11,17.950000762939453,17.959999084472656,17.604999542236328,17.649999618530273,17.439855575561523,19055900,KVUE
2026-03-12,17.649999618530273,17.785999298095703,17.360000610351562,17.389999389648438,17.182950973510742,26380900,KVUE
2026-03-13,17.559999465942383,17.65399932861328,17.479999542236328,17.489999771118164,17.281761169433594,19221700,KVUE
2026-03-16,17.610000610351562,17.75,17.540000915527344,17.709999084472656,17.499141693115234,14091200,KVUE
2026-03-17,17.75,17.959999084472656,17.729999542236328,17.770000457763672,17.558427810668945,13401000,KVUE
2026-03-18,17.549999237060547,17.614999771118164,17.3799991607666,17.510000228881836,17.301523208618164,17807700,KVUE
2026-03-19,17.540000915527344,17.575000762939453,17.329999923706055,17.43000030517578,17.222476959228516,24019600,KVUE
2026-03-20,17.489999771118164,17.649999618530273,17.360000610351562,17.399999618530273,17.192832946777344,29750500,KVUE
2026-03-23,17.559999465942383,17.790000915527344,17.469999313354492,17.600000381469727,17.390451431274414,24035100,KVUE
2026-03-24,17.549999237060547,17.7549991607666,17.420000076293945,17.549999237060547,17.341047286987305,15419400,KVUE
2026-03-25,17.6200008392334,17.68000030517578,17.420000076293945,17.65999984741211,17.449737548828125,22748200,KVUE
2026-03-26,17.6200008392334,17.860000610351562,17.510000228881836,17.56999969482422,17.360809326171875,15052000,KVUE
2026-03-27,17.55500030517578,17.700000762939453,17.489999771118164,17.520000457763672,17.311405181884766,11837100,KVUE
2026-03-30,17.600000381469727,17.6200008392334,17.139999389648438,17.239999771118164,17.034738540649414,22568200,KVUE
2026-03-31,17.299999237060547,17.329999923706055,16.920000076293945,17.239999771118164,17.034738540649414,26923500,KVUE
2026-04-01,17.229999542236328,17.475000381469727,17.170000076293945,17.3799991607666,17.173070907592773,21272200,KVUE
2026-04-02,17.360000610351562,17.440000534057617,17.114999771118164,17.139999389648438,16.935928344726562,14787400,KVUE
2026-04-06,17.1200008392334,17.350000381469727,17.084999084472656,17.299999237060547,17.094022750854492,17022800,KVUE
2026-04-07,17.25,17.270000457763672,16.639999389648438,16.729999542236328,16.53080940246582,21260100,KVUE
2026-04-08,16.80500030517578,17.34000015258789,16.760000228881836,17.34000015258789,17.133546829223633,20367200,KVUE
2026-04-09,17.229999542236328,17.559999465942383,17.170000076293945,17.43000030517578,17.222476959228516,31031500,KVUE
2026-04-10,17.469999313354492,17.558000564575195,17.299999237060547,17.350000381469727,17.143428802490234,12786600,KVUE
2026-04-13,17.25,17.295000076293945,17.114999771118164,17.260000228881836,17.054500579833984,16081700,KVUE
2026-04-14,17.18000030517578,17.440000534057617,17.1299991607666,17.3799991607666,17.173070907592773,17315000,KVUE
2026-04-15,17.350000381469727,17.385000228881836,17.165000915527344,17.299999237060547,17.094022750854492,12183700,KVUE
2026-04-16,17.209999084472656,17.56999969482422,17.209999084472656,17.459999084472656,17.252117156982422,18998600,KVUE
2026-04-17,17.5,17.795000076293945,17.479999542236328,17.610000610351562,17.400333404541016,16495800,KVUE
2026-04-20,17.559999465942383,17.709999084472656,17.524999618530273,17.579999923706055,17.370689392089844,13781400,KVUE
2026-04-21,17.579999923706055,17.600000381469727,17.2549991607666,17.299999237060547,17.094022750854492,16934600,KVUE
2026-04-22,17.3700008392334,17.415000915527344,17.209999084472656,17.309999465942383,17.103904724121094,13381600,KVUE
2026-04-23,17.34000015258789,17.530000686645508,17.34000015258789,17.489999771118164,17.281761169433594,13791500,KVUE
2026-04-24,17.579999923706055,17.68000030517578,17.415000915527344,17.489999771118164,17.281761169433594,6581400,KVUE
2026-04-27,17.43000030517578,17.65999984741211,17.395000457763672,17.530000686645508,17.321285247802734,29970400,KVUE
2026-04-28,17.75,17.829999923706055,17.405000686645508,17.540000915527344,17.331167221069336,17242300,KVUE
2026-04-29,17.459999084472656,17.59000015258789,17.049999237060547,17.229999542236328,17.024856567382812,13250400,KVUE
2026-04-30,17.229999542236328,17.584999084472656,17.219999313354492,17.530000686645508,17.321285247802734,17338600,KVUE
2026-05-01,17.690000534057617,17.709999084472656,17.31999969482422,17.43000030517578,17.222476959228516,11320300,KVUE
2026-05-04,17.280000686645508,17.31999969482422,17.06999969482422,17.149999618530273,16.94580841064453,17329300,KVUE
2026-05-05,17.1200008392334,17.43000030517578,17.010000228881836,17.3700008392334,17.163190841674805,15346300,KVUE
2026-05-06,17.420000076293945,17.760000228881836,17.420000076293945,17.68000030517578,17.469499588012695,23925600,KVUE
2026-05-07,17.510000228881836,17.889999389648438,17.490999221801758,17.719999313354492,17.509021759033203,27034600,KVUE
2026-05-08,17.84000015258789,17.84000015258789,17.549999237060547,17.59000015258789,17.380571365356445,20211600,KVUE
2026-05-11,17.6200008392334,17.6200008392334,17.134000778198242,17.170000076293945,16.965572357177734,29004600,KVUE
2026-05-12,17.34000015258789,17.510000228881836,17.1299991607666,17.469999313354492,17.261999130249023,23714800,KVUE
2026-05-13,17.239999771118164,17.364999771118164,17.110000610351562,17.190000534057617,17.190000534057617,31133000,KVUE
2026-05-14,17.270000457763672,17.309999465942383,17.100000381469727,17.190000534057617,17.190000534057617,23722900,KVUE
2026-05-15,17.239999771118164,17.360000610351562,16.975000381469727,17.110000610351562,17.110000610351562,22138200,KVUE
2026-05-18,17.149999618530273,17.415000915527344,17.100000381469727,17.18000030517578,17.18000030517578,20267500,KVUE
2026-05-19,17.200000762939453,17.389999389648438,17.040000915527344,17.149999618530273,17.149999618530273,18907900,KVUE
2026-05-20,17.149999618530273,17.389999389648438,17.065000534057617,17.31999969482422,17.31999969482422,16569300,KVUE
2026-05-21,17.2450008392334,17.549999237060547,17.049999237060547,17.459999084472656,17.459999084472656,22001100,KVUE
2026-05-22,17.469999313354492,17.6299991607666,17.46500015258789,17.530000686645508,17.530000686645508,13689600,KVUE
2026-05-26,17.530000686645508,17.625999450683594,17.489999771118164,17.489999771118164,17.489999771118164,14081000,KVUE
2026-05-27,17.610000610351562,17.98900032043457,17.56999969482422,17.690000534057617,17.690000534057617,25384300,KVUE
2026-05-28,17.59000015258789,17.760000228881836,17.565000534057617,17.639999389648438,17.639999389648438,12171300,KVUE
2026-05-29,17.6200008392334,17.684999465942383,17.239999771118164,17.280000686645508,17.280000686645508,33794100,KVUE
2026-06-01,17.290000915527344,17.485000610351562,17.2549991607666,17.350000381469727,17.350000381469727,18663700,KVUE
2026-06-02,17.34000015258789,17.479999542236328,17.149999618530273,17.31999969482422,17.31999969482422,18528200,KVUE
2026-06-03,17.31999969482422,17.34000015258789,16.81999969482422,16.829999923706055,16.829999923706055,38337500,KVUE
2026-06-04,17.030000686645508,17.190000534057617,16.665000915527344,16.8799991607666,16.8799991607666,26035900,KVUE
2026-06-05,17.010000228881836,17.770000457763672,16.950000762939453,17.709999084472656,17.709999084472656,24620500,KVUE
2026-06-08,17.649999618530273,17.75,17.479999542236328,17.549999237060547,17.549999237060547,20218000,KVUE
2026-06-09,17.6200008392334,17.940000534057617,17.440000534057617,17.920000076293945,17.920000076293945,18133400,KVUE
2026-06-10,18.0,18.1299991607666,17.850000381469727,18.049999237060547,18.049999237060547,12624800,KVUE
2026-06-11,18.110000610351562,18.209999084472656,18.0,18.06999969482422,18.06999969482422,14108900,KVUE
2026-06-12,18.15999984741211,18.260000228881836,18.0,18.139999389648438,18.139999389648438,14702600,KVUE
2026-06-15,18.079999923706055,18.385000228881836,18.079999923706055,18.25,18.25,11515300,KVUE
2026-06-16,18.28499984741211,18.510000228881836,18.25,18.43000030517578,18.43000030517578,11506100,KVUE
2026-06-17,18.450000762939453,18.530000686645508,17.979999542236328,18.010000228881836,18.010000228881836,18315000,KVUE
2026-06-18,18.270000457763672,18.389999389648438,18.049999237060547,18.1200008392334,18.1200008392334,32083800,KVUE
2026-06-22,18.059999465942383,18.225000381469727,17.854999542236328,17.860000610351562,17.860000610351562,27923300,KVUE
2026-06-23,18.06999969482422,18.440000534057617,17.989999771118164,18.40999984741211,18.40999984741211,13460100,KVUE
2026-06-24,18.459999084472656,18.878999710083008,18.459999084472656,18.799999237060547,18.799999237060547,46078600,KVUE
2026-06-25,18.8799991607666,19.09000015258789,18.78499984741211,18.959999084472656,18.959999084472656,28947600,KVUE
2026-06-26,19.020000457763672,19.18000030517578,18.93000030517578,19.1299991607666,19.1299991607666,31070900,KVUE
2026-06-29,18.979999542236328,19.170000076293945,18.8799991607666,19.06999969482422,19.06999969482422,21640800,KVUE
2026-06-30,19.100000381469727,19.15999984741211,18.895000457763672,19.110000610351562,19.110000610351562,18676000,KVUE
2026-07-01,19.1299991607666,19.44499969482422,19.079999923706055,19.329999923706055,19.329999923706055,18773300,KVUE
2026-07-02,19.479999542236328,19.8700008392334,19.440000534057617,19.829999923706055,19.829999923706055,11433400,KVUE
2026-07-06,19.65999984741211,19.7450008392334,19.264999389648438,19.559999465942383,19.559999465942383,25159300,KVUE
2026-07-07,19.899999618530273,20.1299991607666,19.780000686645508,19.780000686645508,19.780000686645508,16317400,KVUE
2026-07-08,19.729999542236328,19.729999542236328,19.260000228881836,19.290000915527344,19.290000915527344,12756300,KVUE
2026-07-09,19.149999618530273,19.309999465942383,19.040000915527344,19.18000030517578,19.18000030517578,14446500,KVUE
2026-07-10,19.25,19.6200008392334,19.165000915527344,19.479999542236328,19.479999542236328,9451500,KVUE
2026-07-13,19.479999542236328,19.864999771118164,19.040000915527344,19.229999542236328,19.229999542236328,39874000,KVUE
2026-07-14,19.100000381469727,19.25,18.709999084472656,18.760000228881836,18.760000228881836,19473900,KVUE
2026-07-15,18.670000076293945,19.024999618530273,18.579999923706055,18.700000762939453,18.700000762939453,18492300,KVUE
2026-07-16,18.850000381469727,19.100000381469727,18.774999618530273,19.020000457763672,19.020000457763672,15950700,KVUE
2026-07-17,19.020000457763672,19.360000610351562,18.850000381469727,18.979999542236328,18.979999542236328,29311200,KVUE
2026-07-20,18.93000030517578,19.079999923706055,18.895000457763672,19.020000457763672,19.020000457763672,12222200,KVUE
2026-07-21,18.90999984741211,19.010000228881836,18.780000686645508,19.010000228881836,19.010000228881836,12704000,KVUE
2026-07-22,19.209999084472656,19.235000610351562,19.045000076293945,19.1299991607666,19.1299991607666,9899600,KVUE
2026-07-23,18.899999618530273,18.940000534057617,18.770000457763672,18.899999618530273,18.899999618530273,14410600,KVUE
2026-07-24,18.8799991607666,19.280000686645508,18.829999923706055,19.280000686645508,19.280000686645508,21434300,KVUE
2026-07-27,19.360000610351562,19.575000762939453,19.280000686645508,19.479999542236328,19.479999542236328,20908800,KVUE
2026-07-28,19.719999313354492,20.04599952697754,19.690000534057617,19.75,19.75,19624800,KVUE
2026-07-29,19.584999084472656,19.809999465942383,19.2450008392334,19.790000915527344,19.790000915527344,27193600,KVUE
2026-07-30,19.5,19.77400016784668,19.094999313354492,19.309999465942383,19.309999465942383,16297100,KVUE
2026-07-31,19.190000534057617,19.34000015258789,18.950000762939453,19.239999771118164,19.239999771118164,22744400,KVUE
2026-08-03,19.3799991607666,19.684999465942383,18.774999618530273,19.010000228881836,19.010000228881836,35167400,KVUE
